model,analyzer,lowercase,max_df,min_df,ngram_range,processing,type,alpha,val_f1_weighted,val_f1_neg,val_f1_zero,val_f1_pos,val_accuracy,test_f1_weighted,test_f1_neg,test_f1_zero,test_f1_pos,test_accuracy
nb,word,True,0.25,10,"(1, 2)",unique,stem,0.25,0.6385934218497896,0.45637583892617445,0.550185873605948,0.7408184679958028,0.6524390243902439,0.6474333874742106,0.36496350364963503,0.5392781316348194,0.7643312101910829,0.6606451612903226
nb,word,True,0.25,10,"(1, 3)",unique,stem,0.25,0.6385934218497896,0.45637583892617445,0.550185873605948,0.7408184679958028,0.6524390243902439,0.6474333874742106,0.36496350364963503,0.5392781316348194,0.7643312101910829,0.6606451612903226
nb,word,True,0.5,10,"(1, 2)",unique,stem,0.25,0.6385934218497896,0.45637583892617445,0.550185873605948,0.7408184679958028,0.6524390243902439,0.6474333874742106,0.36496350364963503,0.5392781316348194,0.7643312101910829,0.6606451612903226
nb,word,True,0.5,10,"(1, 3)",unique,stem,0.25,0.6385934218497896,0.45637583892617445,0.550185873605948,0.7408184679958028,0.6524390243902439,0.6474333874742106,0.36496350364963503,0.5392781316348194,0.7643312101910829,0.6606451612903226
nb,word,True,1.0,10,"(1, 2)",unique,stem,0.25,0.6385934218497896,0.45637583892617445,0.550185873605948,0.7408184679958028,0.6524390243902439,0.6474333874742106,0.36496350364963503,0.5392781316348194,0.7643312101910829,0.6606451612903226
nb,word,True,1.0,10,"(1, 3)",unique,stem,0.25,0.6385934218497896,0.45637583892617445,0.550185873605948,0.7408184679958028,0.6524390243902439,0.6474333874742106,0.36496350364963503,0.5392781316348194,0.7643312101910829,0.6606451612903226
nb,word,True,0.25,10,"(1, 2)",generic,stem,0.0,0.6376219500506571,0.46052631578947373,0.5437616387337058,0.7423764458464774,0.651219512195122,0.6457872286222743,0.36231884057971014,0.5353319057815846,0.764021164021164,0.6593548387096774
nb,word,True,0.25,10,"(1, 2)",generic,stem,0.001,0.6376219500506571,0.46052631578947373,0.5437616387337058,0.7423764458464774,0.651219512195122,0.6457872286222743,0.36231884057971014,0.5353319057815846,0.764021164021164,0.6593548387096774
nb,word,True,0.25,10,"(1, 2)",generic,stem,0.01,0.6376219500506571,0.46052631578947373,0.5437616387337058,0.7423764458464774,0.651219512195122,0.6457872286222743,0.36231884057971014,0.5353319057815846,0.764021164021164,0.6593548387096774
nb,word,True,0.25,10,"(1, 3)",generic,stem,0.0,0.6376219500506571,0.46052631578947373,0.5437616387337058,0.7423764458464774,0.651219512195122,0.6457872286222743,0.36231884057971014,0.5353319057815846,0.764021164021164,0.6593548387096774
nb,word,True,0.25,10,"(1, 3)",generic,stem,0.001,0.6376219500506571,0.46052631578947373,0.5437616387337058,0.7423764458464774,0.651219512195122,0.6457872286222743,0.36231884057971014,0.5353319057815846,0.764021164021164,0.6593548387096774
nb,word,True,0.25,10,"(1, 3)",generic,stem,0.01,0.6376219500506571,0.46052631578947373,0.5437616387337058,0.7423764458464774,0.651219512195122,0.6457872286222743,0.36231884057971014,0.5353319057815846,0.764021164021164,0.6593548387096774
nb,word,True,0.5,10,"(1, 2)",generic,stem,0.0,0.6376219500506571,0.46052631578947373,0.5437616387337058,0.7423764458464774,0.651219512195122,0.6457872286222743,0.36231884057971014,0.5353319057815846,0.764021164021164,0.6593548387096774
nb,word,True,0.5,10,"(1, 2)",generic,stem,0.001,0.6376219500506571,0.46052631578947373,0.5437616387337058,0.7423764458464774,0.651219512195122,0.6457872286222743,0.36231884057971014,0.5353319057815846,0.764021164021164,0.6593548387096774
nb,word,True,0.5,10,"(1, 2)",generic,stem,0.01,0.6376219500506571,0.46052631578947373,0.5437616387337058,0.7423764458464774,0.651219512195122,0.6457872286222743,0.36231884057971014,0.5353319057815846,0.764021164021164,0.6593548387096774
nb,word,True,0.5,10,"(1, 3)",generic,stem,0.0,0.6376219500506571,0.46052631578947373,0.5437616387337058,0.7423764458464774,0.651219512195122,0.6457872286222743,0.36231884057971014,0.5353319057815846,0.764021164021164,0.6593548387096774
nb,word,True,0.5,10,"(1, 3)",generic,stem,0.001,0.6376219500506571,0.46052631578947373,0.5437616387337058,0.7423764458464774,0.651219512195122,0.6457872286222743,0.36231884057971014,0.5353319057815846,0.764021164021164,0.6593548387096774
nb,word,True,0.5,10,"(1, 3)",generic,stem,0.01,0.6376219500506571,0.46052631578947373,0.5437616387337058,0.7423764458464774,0.651219512195122,0.6457872286222743,0.36231884057971014,0.5353319057815846,0.764021164021164,0.6593548387096774
nb,word,True,1.0,10,"(1, 2)",generic,stem,0.0,0.6376219500506571,0.46052631578947373,0.5437616387337058,0.7423764458464774,0.651219512195122,0.6457872286222743,0.36231884057971014,0.5353319057815846,0.764021164021164,0.6593548387096774
nb,word,True,1.0,10,"(1, 2)",generic,stem,0.001,0.6376219500506571,0.46052631578947373,0.5437616387337058,0.7423764458464774,0.651219512195122,0.6457872286222743,0.36231884057971014,0.5353319057815846,0.764021164021164,0.6593548387096774
nb,word,True,1.0,10,"(1, 2)",generic,stem,0.01,0.6376219500506571,0.46052631578947373,0.5437616387337058,0.7423764458464774,0.651219512195122,0.6457872286222743,0.36231884057971014,0.5353319057815846,0.764021164021164,0.6593548387096774
nb,word,True,1.0,10,"(1, 3)",generic,stem,0.0,0.6376219500506571,0.46052631578947373,0.5437616387337058,0.7423764458464774,0.651219512195122,0.6457872286222743,0.36231884057971014,0.5353319057815846,0.764021164021164,0.6593548387096774
nb,word,True,1.0,10,"(1, 3)",generic,stem,0.001,0.6376219500506571,0.46052631578947373,0.5437616387337058,0.7423764458464774,0.651219512195122,0.6457872286222743,0.36231884057971014,0.5353319057815846,0.764021164021164,0.6593548387096774
nb,word,True,1.0,10,"(1, 3)",generic,stem,0.01,0.6376219500506571,0.46052631578947373,0.5437616387337058,0.7423764458464774,0.651219512195122,0.6457872286222743,0.36231884057971014,0.5353319057815846,0.764021164021164,0.6593548387096774
nb,word,True,0.25,10,"(1, 2)",unique,stem,0.0,0.6375821905226032,0.46357615894039733,0.5437616387337058,0.7415966386554621,0.651219512195122,0.6503978646469528,0.37410071942446044,0.5427350427350427,0.7656415694591727,0.6632258064516129
nb,word,True,0.25,10,"(1, 2)",unique,stem,0.001,0.6375821905226032,0.46357615894039733,0.5437616387337058,0.7415966386554621,0.651219512195122,0.6503978646469528,0.37410071942446044,0.5427350427350427,0.7656415694591727,0.6632258064516129
nb,word,True,0.25,10,"(1, 2)",unique,stem,0.01,0.6375821905226032,0.46357615894039733,0.5437616387337058,0.7415966386554621,0.651219512195122,0.6503978646469528,0.37410071942446044,0.5427350427350427,0.7656415694591727,0.6632258064516129
nb,word,True,0.25,10,"(1, 3)",unique,stem,0.0,0.6375821905226032,0.46357615894039733,0.5437616387337058,0.7415966386554621,0.651219512195122,0.6503978646469528,0.37410071942446044,0.5427350427350427,0.7656415694591727,0.6632258064516129
nb,word,True,0.25,10,"(1, 3)",unique,stem,0.001,0.6375821905226032,0.46357615894039733,0.5437616387337058,0.7415966386554621,0.651219512195122,0.6503978646469528,0.37410071942446044,0.5427350427350427,0.7656415694591727,0.6632258064516129
nb,word,True,0.25,10,"(1, 3)",unique,stem,0.01,0.6375821905226032,0.46357615894039733,0.5437616387337058,0.7415966386554621,0.651219512195122,0.6503978646469528,0.37410071942446044,0.5427350427350427,0.7656415694591727,0.6632258064516129
nb,word,True,0.5,10,"(1, 2)",unique,stem,0.0,0.6375821905226032,0.46357615894039733,0.5437616387337058,0.7415966386554621,0.651219512195122,0.6503978646469528,0.37410071942446044,0.5427350427350427,0.7656415694591727,0.6632258064516129
nb,word,True,0.5,10,"(1, 2)",unique,stem,0.001,0.6375821905226032,0.46357615894039733,0.5437616387337058,0.7415966386554621,0.651219512195122,0.6503978646469528,0.37410071942446044,0.5427350427350427,0.7656415694591727,0.6632258064516129
nb,word,True,0.5,10,"(1, 2)",unique,stem,0.01,0.6375821905226032,0.46357615894039733,0.5437616387337058,0.7415966386554621,0.651219512195122,0.6503978646469528,0.37410071942446044,0.5427350427350427,0.7656415694591727,0.6632258064516129
nb,word,True,0.5,10,"(1, 3)",unique,stem,0.0,0.6375821905226032,0.46357615894039733,0.5437616387337058,0.7415966386554621,0.651219512195122,0.6503978646469528,0.37410071942446044,0.5427350427350427,0.7656415694591727,0.6632258064516129
nb,word,True,0.5,10,"(1, 3)",unique,stem,0.001,0.6375821905226032,0.46357615894039733,0.5437616387337058,0.7415966386554621,0.651219512195122,0.6503978646469528,0.37410071942446044,0.5427350427350427,0.7656415694591727,0.6632258064516129
nb,word,True,0.5,10,"(1, 3)",unique,stem,0.01,0.6375821905226032,0.46357615894039733,0.5437616387337058,0.7415966386554621,0.651219512195122,0.6503978646469528,0.37410071942446044,0.5427350427350427,0.7656415694591727,0.6632258064516129
nb,word,True,1.0,10,"(1, 2)",unique,stem,0.0,0.6375821905226032,0.46357615894039733,0.5437616387337058,0.7415966386554621,0.651219512195122,0.6503978646469528,0.37410071942446044,0.5427350427350427,0.7656415694591727,0.6632258064516129
nb,word,True,1.0,10,"(1, 2)",unique,stem,0.001,0.6375821905226032,0.46357615894039733,0.5437616387337058,0.7415966386554621,0.651219512195122,0.6503978646469528,0.37410071942446044,0.5427350427350427,0.7656415694591727,0.6632258064516129
nb,word,True,1.0,10,"(1, 2)",unique,stem,0.01,0.6375821905226032,0.46357615894039733,0.5437616387337058,0.7415966386554621,0.651219512195122,0.6503978646469528,0.37410071942446044,0.5427350427350427,0.7656415694591727,0.6632258064516129
nb,word,True,1.0,10,"(1, 3)",unique,stem,0.0,0.6375821905226032,0.46357615894039733,0.5437616387337058,0.7415966386554621,0.651219512195122,0.6503978646469528,0.37410071942446044,0.5427350427350427,0.7656415694591727,0.6632258064516129
nb,word,True,1.0,10,"(1, 3)",unique,stem,0.001,0.6375821905226032,0.46357615894039733,0.5437616387337058,0.7415966386554621,0.651219512195122,0.6503978646469528,0.37410071942446044,0.5427350427350427,0.7656415694591727,0.6632258064516129
nb,word,True,1.0,10,"(1, 3)",unique,stem,0.01,0.6375821905226032,0.46357615894039733,0.5437616387337058,0.7415966386554621,0.651219512195122,0.6503978646469528,0.37410071942446044,0.5427350427350427,0.7656415694591727,0.6632258064516129
nb,word,True,0.25,10,"(1, 2)",generic,stem,0.5,0.6371330732341499,0.472972972972973,0.5430711610486891,0.7390396659707724,0.651219512195122,0.6439993074996013,0.3529411764705882,0.5361702127659574,0.7627118644067796,0.6580645161290323
nb,word,True,0.25,10,"(1, 3)",generic,stem,0.5,0.6371330732341499,0.472972972972973,0.5430711610486891,0.7390396659707724,0.651219512195122,0.6439993074996013,0.3529411764705882,0.5361702127659574,0.7627118644067796,0.6580645161290323
nb,word,True,0.5,10,"(1, 2)",generic,stem,0.5,0.6371330732341499,0.472972972972973,0.5430711610486891,0.7390396659707724,0.651219512195122,0.6439993074996013,0.3529411764705882,0.5361702127659574,0.7627118644067796,0.6580645161290323
nb,word,True,0.5,10,"(1, 3)",generic,stem,0.5,0.6371330732341499,0.472972972972973,0.5430711610486891,0.7390396659707724,0.651219512195122,0.6439993074996013,0.3529411764705882,0.5361702127659574,0.7627118644067796,0.6580645161290323
nb,word,True,1.0,10,"(1, 2)",generic,stem,0.5,0.6371330732341499,0.472972972972973,0.5430711610486891,0.7390396659707724,0.651219512195122,0.6439993074996013,0.3529411764705882,0.5361702127659574,0.7627118644067796,0.6580645161290323
nb,word,True,1.0,10,"(1, 3)",generic,stem,0.5,0.6371330732341499,0.472972972972973,0.5430711610486891,0.7390396659707724,0.651219512195122,0.6439993074996013,0.3529411764705882,0.5361702127659574,0.7627118644067796,0.6580645161290323
nb,word,True,0.25,10,"(1, 1)",unique,stem,0.5,0.6370472333915194,0.4697986577181208,0.5471349353049907,0.7368421052631577,0.65,0.6426318385681912,0.36231884057971014,0.5350318471337578,0.7587672688629118,0.655483870967742
nb,word,True,0.5,10,"(1, 1)",unique,stem,0.5,0.6370472333915194,0.4697986577181208,0.5471349353049907,0.7368421052631577,0.65,0.6426318385681912,0.36231884057971014,0.5350318471337578,0.7587672688629118,0.655483870967742
nb,word,True,1.0,10,"(1, 1)",unique,stem,0.5,0.6370472333915194,0.4697986577181208,0.5471349353049907,0.7368421052631577,0.65,0.6426318385681912,0.36231884057971014,0.5350318471337578,0.7587672688629118,0.655483870967742
nb,word,True,0.25,10,"(1, 2)",unique,stem,0.5,0.6368486557141839,0.4625850340136054,0.5457943925233645,0.7390396659707724,0.651219512195122,0.6453462999918174,0.3529411764705882,0.5392781316348194,0.7635206786850478,0.6593548387096774
nb,word,True,0.25,10,"(1, 3)",unique,stem,0.5,0.6368486557141839,0.4625850340136054,0.5457943925233645,0.7390396659707724,0.651219512195122,0.6453462999918174,0.3529411764705882,0.5392781316348194,0.7635206786850478,0.6593548387096774
nb,word,True,0.5,10,"(1, 2)",unique,stem,0.5,0.6368486557141839,0.4625850340136054,0.5457943925233645,0.7390396659707724,0.651219512195122,0.6453462999918174,0.3529411764705882,0.5392781316348194,0.7635206786850478,0.6593548387096774
nb,word,True,0.5,10,"(1, 3)",unique,stem,0.5,0.6368486557141839,0.4625850340136054,0.5457943925233645,0.7390396659707724,0.651219512195122,0.6453462999918174,0.3529411764705882,0.5392781316348194,0.7635206786850478,0.6593548387096774
nb,word,True,1.0,10,"(1, 2)",unique,stem,0.5,0.6368486557141839,0.4625850340136054,0.5457943925233645,0.7390396659707724,0.651219512195122,0.6453462999918174,0.3529411764705882,0.5392781316348194,0.7635206786850478,0.6593548387096774
nb,word,True,1.0,10,"(1, 3)",unique,stem,0.5,0.6368486557141839,0.4625850340136054,0.5457943925233645,0.7390396659707724,0.651219512195122,0.6453462999918174,0.3529411764705882,0.5392781316348194,0.7635206786850478,0.6593548387096774
nb,word,True,0.25,10,"(1, 2)",generic,stem,0.1,0.6364830923467477,0.46357615894039733,0.5437616387337058,0.7394957983193278,0.65,0.6459342029858609,0.36496350364963503,0.537313432835821,0.7627118644067796,0.6593548387096774
nb,word,True,0.25,10,"(1, 3)",generic,stem,0.1,0.6364830923467477,0.46357615894039733,0.5437616387337058,0.7394957983193278,0.65,0.6459342029858609,0.36496350364963503,0.537313432835821,0.7627118644067796,0.6593548387096774
nb,word,True,0.5,10,"(1, 2)",generic,stem,0.1,0.6364830923467477,0.46357615894039733,0.5437616387337058,0.7394957983193278,0.65,0.6459342029858609,0.36496350364963503,0.537313432835821,0.7627118644067796,0.6593548387096774
nb,word,True,0.5,10,"(1, 3)",generic,stem,0.1,0.6364830923467477,0.46357615894039733,0.5437616387337058,0.7394957983193278,0.65,0.6459342029858609,0.36496350364963503,0.537313432835821,0.7627118644067796,0.6593548387096774
nb,word,True,1.0,10,"(1, 2)",generic,stem,0.1,0.6364830923467477,0.46357615894039733,0.5437616387337058,0.7394957983193278,0.65,0.6459342029858609,0.36496350364963503,0.537313432835821,0.7627118644067796,0.6593548387096774
nb,word,True,1.0,10,"(1, 3)",generic,stem,0.1,0.6364830923467477,0.46357615894039733,0.5437616387337058,0.7394957983193278,0.65,0.6459342029858609,0.36496350364963503,0.537313432835821,0.7627118644067796,0.6593548387096774
nb,word,True,0.25,10,"(1, 2)",generic,stem,0.25,0.6358023438745094,0.4666666666666666,0.5403377110694184,0.7398119122257053,0.65,0.6474333874742106,0.36496350364963503,0.5392781316348194,0.7643312101910829,0.6606451612903226
nb,word,True,0.25,10,"(1, 3)",generic,stem,0.25,0.6358023438745094,0.4666666666666666,0.5403377110694184,0.7398119122257053,0.65,0.6474333874742106,0.36496350364963503,0.5392781316348194,0.7643312101910829,0.6606451612903226
nb,word,True,0.5,10,"(1, 2)",generic,stem,0.25,0.6358023438745094,0.4666666666666666,0.5403377110694184,0.7398119122257053,0.65,0.6474333874742106,0.36496350364963503,0.5392781316348194,0.7643312101910829,0.6606451612903226
nb,word,True,0.5,10,"(1, 3)",generic,stem,0.25,0.6358023438745094,0.4666666666666666,0.5403377110694184,0.7398119122257053,0.65,0.6474333874742106,0.36496350364963503,0.5392781316348194,0.7643312101910829,0.6606451612903226
nb,word,True,1.0,10,"(1, 2)",generic,stem,0.25,0.6358023438745094,0.4666666666666666,0.5403377110694184,0.7398119122257053,0.65,0.6474333874742106,0.36496350364963503,0.5392781316348194,0.7643312101910829,0.6606451612903226
nb,word,True,1.0,10,"(1, 3)",generic,stem,0.25,0.6358023438745094,0.4666666666666666,0.5403377110694184,0.7398119122257053,0.65,0.6474333874742106,0.36496350364963503,0.5392781316348194,0.7643312101910829,0.6606451612903226
nb,word,True,0.25,10,"(1, 2)",unique,stem,0.1,0.6348404957134859,0.45333333333333337,0.5437616387337058,0.7387198321091292,0.6487804878048781,0.6472823713307555,0.36496350364963503,0.5404255319148936,0.7635206786850478,0.6606451612903226
nb,word,True,0.25,10,"(1, 3)",unique,stem,0.1,0.6348404957134859,0.45333333333333337,0.5437616387337058,0.7387198321091292,0.6487804878048781,0.6472823713307555,0.36496350364963503,0.5404255319148936,0.7635206786850478,0.6606451612903226
nb,word,True,0.5,10,"(1, 2)",unique,stem,0.1,0.6348404957134859,0.45333333333333337,0.5437616387337058,0.7387198321091292,0.6487804878048781,0.6472823713307555,0.36496350364963503,0.5404255319148936,0.7635206786850478,0.6606451612903226
nb,word,True,0.5,10,"(1, 3)",unique,stem,0.1,0.6348404957134859,0.45333333333333337,0.5437616387337058,0.7387198321091292,0.6487804878048781,0.6472823713307555,0.36496350364963503,0.5404255319148936,0.7635206786850478,0.6606451612903226
nb,word,True,1.0,10,"(1, 2)",unique,stem,0.1,0.6348404957134859,0.45333333333333337,0.5437616387337058,0.7387198321091292,0.6487804878048781,0.6472823713307555,0.36496350364963503,0.5404255319148936,0.7635206786850478,0.6606451612903226
nb,word,True,1.0,10,"(1, 3)",unique,stem,0.1,0.6348404957134859,0.45333333333333337,0.5437616387337058,0.7387198321091292,0.6487804878048781,0.6472823713307555,0.36496350364963503,0.5404255319148936,0.7635206786850478,0.6606451612903226
nb,word,True,0.25,10,"(1, 2)",generic,stem,1.0,0.6345468003150618,0.4571428571428572,0.5437616387337058,0.7372793354101764,0.65,0.6444746968676268,0.34074074074074073,0.5392781316348194,0.7648305084745763,0.6593548387096774
nb,word,True,0.25,10,"(1, 3)",generic,stem,1.0,0.6345468003150618,0.4571428571428572,0.5437616387337058,0.7372793354101764,0.65,0.6444746968676268,0.34074074074074073,0.5392781316348194,0.7648305084745763,0.6593548387096774
nb,word,True,0.5,10,"(1, 2)",generic,stem,1.0,0.6345468003150618,0.4571428571428572,0.5437616387337058,0.7372793354101764,0.65,0.6444746968676268,0.34074074074074073,0.5392781316348194,0.7648305084745763,0.6593548387096774
nb,word,True,0.5,10,"(1, 3)",generic,stem,1.0,0.6345468003150618,0.4571428571428572,0.5437616387337058,0.7372793354101764,0.65,0.6444746968676268,0.34074074074074073,0.5392781316348194,0.7648305084745763,0.6593548387096774
nb,word,True,1.0,10,"(1, 2)",generic,stem,1.0,0.6345468003150618,0.4571428571428572,0.5437616387337058,0.7372793354101764,0.65,0.6444746968676268,0.34074074074074073,0.5392781316348194,0.7648305084745763,0.6593548387096774
nb,word,True,1.0,10,"(1, 3)",generic,stem,1.0,0.6345468003150618,0.4571428571428572,0.5437616387337058,0.7372793354101764,0.65,0.6444746968676268,0.34074074074074073,0.5392781316348194,0.7648305084745763,0.6593548387096774
nb,word,True,0.25,10,"(1, 2)",unique,stem,1.0,0.6345468003150618,0.4571428571428572,0.5437616387337058,0.7372793354101764,0.65,0.6443428548842469,0.34328358208955223,0.5392781316348194,0.764021164021164,0.6593548387096774
nb,word,True,0.25,10,"(1, 3)",unique,stem,1.0,0.6345468003150618,0.4571428571428572,0.5437616387337058,0.7372793354101764,0.65,0.6443428548842469,0.34328358208955223,0.5392781316348194,0.764021164021164,0.6593548387096774
nb,word,True,0.5,10,"(1, 2)",unique,stem,1.0,0.6345468003150618,0.4571428571428572,0.5437616387337058,0.7372793354101764,0.65,0.6443428548842469,0.34328358208955223,0.5392781316348194,0.764021164021164,0.6593548387096774
nb,word,True,0.5,10,"(1, 3)",unique,stem,1.0,0.6345468003150618,0.4571428571428572,0.5437616387337058,0.7372793354101764,0.65,0.6443428548842469,0.34328358208955223,0.5392781316348194,0.764021164021164,0.6593548387096774
nb,word,True,1.0,10,"(1, 2)",unique,stem,1.0,0.6345468003150618,0.4571428571428572,0.5437616387337058,0.7372793354101764,0.65,0.6443428548842469,0.34328358208955223,0.5392781316348194,0.764021164021164,0.6593548387096774
nb,word,True,1.0,10,"(1, 3)",unique,stem,1.0,0.6345468003150618,0.4571428571428572,0.5437616387337058,0.7372793354101764,0.65,0.6443428548842469,0.34328358208955223,0.5392781316348194,0.764021164021164,0.6593548387096774
nb,word,True,0.25,10,"(1, 1)",unique,stem,0.25,0.6341450187794085,0.45033112582781454,0.5444444444444445,0.737618545837724,0.6475609756097561,0.643722241472062,0.36231884057971014,0.5361702127659574,0.7600849256900211,0.6567741935483871
nb,word,True,0.5,10,"(1, 1)",unique,stem,0.25,0.6341450187794085,0.45033112582781454,0.5444444444444445,0.737618545837724,0.6475609756097561,0.643722241472062,0.36231884057971014,0.5361702127659574,0.7600849256900211,0.6567741935483871
nb,word,True,1.0,10,"(1, 1)",unique,stem,0.25,0.6341450187794085,0.45033112582781454,0.5444444444444445,0.737618545837724,0.6475609756097561,0.643722241472062,0.36231884057971014,0.5361702127659574,0.7600849256900211,0.6567741935483871
nb,word,True,0.25,10,"(1, 1)",generic,stem,0.5,0.632582537332568,0.4697986577181208,0.5383177570093458,0.7343096234309623,0.6463414634146342,0.6405568861646812,0.3503649635036496,0.5350318471337578,0.7579617834394904,0.6541935483870968
nb,word,True,0.5,10,"(1, 1)",generic,stem,0.5,0.632582537332568,0.4697986577181208,0.5383177570093458,0.7343096234309623,0.6463414634146342,0.6405568861646812,0.3503649635036496,0.5350318471337578,0.7579617834394904,0.6541935483870968
nb,word,True,1.0,10,"(1, 1)",generic,stem,0.5,0.632582537332568,0.4697986577181208,0.5383177570093458,0.7343096234309623,0.6463414634146342,0.6405568861646812,0.3503649635036496,0.5350318471337578,0.7579617834394904,0.6541935483870968
nb,word,True,0.25,10,"(1, 1)",generic,stem,0.01,0.6324020433481645,0.457516339869281,0.5387453874538745,0.7365079365079364,0.6451219512195122,0.6436940279203026,0.3597122302158273,0.537313432835821,0.7600849256900211,0.6567741935483871
nb,word,True,0.5,10,"(1, 1)",generic,stem,0.01,0.6324020433481645,0.457516339869281,0.5387453874538745,0.7365079365079364,0.6451219512195122,0.6436940279203026,0.3597122302158273,0.537313432835821,0.7600849256900211,0.6567741935483871
nb,word,True,1.0,10,"(1, 1)",generic,stem,0.01,0.6324020433481645,0.457516339869281,0.5387453874538745,0.7365079365079364,0.6451219512195122,0.6436940279203026,0.3597122302158273,0.537313432835821,0.7600849256900211,0.6567741935483871
nb,word,True,0.25,10,"(1, 1)",generic,stem,0.0,0.6323493425036685,0.457516339869281,0.5397412199630314,0.7357293868921776,0.6451219512195122,0.6436940279203026,0.3597122302158273,0.537313432835821,0.7600849256900211,0.6567741935483871
nb,word,True,0.25,10,"(1, 1)",generic,stem,0.001,0.6323493425036685,0.457516339869281,0.5397412199630314,0.7357293868921776,0.6451219512195122,0.6436940279203026,0.3597122302158273,0.537313432835821,0.7600849256900211,0.6567741935483871
nb,word,True,0.5,10,"(1, 1)",generic,stem,0.0,0.6323493425036685,0.457516339869281,0.5397412199630314,0.7357293868921776,0.6451219512195122,0.6436940279203026,0.3597122302158273,0.537313432835821,0.7600849256900211,0.6567741935483871
nb,word,True,0.5,10,"(1, 1)",generic,stem,0.001,0.6323493425036685,0.457516339869281,0.5397412199630314,0.7357293868921776,0.6451219512195122,0.6436940279203026,0.3597122302158273,0.537313432835821,0.7600849256900211,0.6567741935483871
nb,word,True,1.0,10,"(1, 1)",generic,stem,0.0,0.6323493425036685,0.457516339869281,0.5397412199630314,0.7357293868921776,0.6451219512195122,0.6436940279203026,0.3597122302158273,0.537313432835821,0.7600849256900211,0.6567741935483871
nb,word,True,1.0,10,"(1, 1)",generic,stem,0.001,0.6323493425036685,0.457516339869281,0.5397412199630314,0.7357293868921776,0.6451219512195122,0.6436940279203026,0.3597122302158273,0.537313432835821,0.7600849256900211,0.6567741935483871
nb,word,True,0.25,10,"(1, 1)",unique,stem,0.0,0.6318226140160258,0.4473684210526316,0.5397412199630314,0.737064413938754,0.6451219512195122,0.6426022595100952,0.3597122302158273,0.5361702127659574,0.7587672688629118,0.655483870967742
nb,word,True,0.25,10,"(1, 1)",unique,stem,0.001,0.6318226140160258,0.4473684210526316,0.5397412199630314,0.737064413938754,0.6451219512195122,0.6426022595100952,0.3597122302158273,0.5361702127659574,0.7587672688629118,0.655483870967742
nb,word,True,0.5,10,"(1, 1)",unique,stem,0.0,0.6318226140160258,0.4473684210526316,0.5397412199630314,0.737064413938754,0.6451219512195122,0.6426022595100952,0.3597122302158273,0.5361702127659574,0.7587672688629118,0.655483870967742
nb,word,True,0.5,10,"(1, 1)",unique,stem,0.001,0.6318226140160258,0.4473684210526316,0.5397412199630314,0.737064413938754,0.6451219512195122,0.6426022595100952,0.3597122302158273,0.5361702127659574,0.7587672688629118,0.655483870967742
nb,word,True,1.0,10,"(1, 1)",unique,stem,0.0,0.6318226140160258,0.4473684210526316,0.5397412199630314,0.737064413938754,0.6451219512195122,0.6426022595100952,0.3597122302158273,0.5361702127659574,0.7587672688629118,0.655483870967742
nb,word,True,1.0,10,"(1, 1)",unique,stem,0.001,0.6318226140160258,0.4473684210526316,0.5397412199630314,0.737064413938754,0.6451219512195122,0.6426022595100952,0.3597122302158273,0.5361702127659574,0.7587672688629118,0.655483870967742
nb,word,True,0.25,10,"(1, 1)",generic,stem,0.25,0.631723566254381,0.45033112582781454,0.5407407407407407,0.7355110642781875,0.6451219512195122,0.643722241472062,0.36231884057971014,0.5361702127659574,0.7600849256900211,0.6567741935483871
nb,word,True,0.5,10,"(1, 1)",generic,stem,0.25,0.631723566254381,0.45033112582781454,0.5407407407407407,0.7355110642781875,0.6451219512195122,0.643722241472062,0.36231884057971014,0.5361702127659574,0.7600849256900211,0.6567741935483871
nb,word,True,1.0,10,"(1, 1)",generic,stem,0.25,0.631723566254381,0.45033112582781454,0.5407407407407407,0.7355110642781875,0.6451219512195122,0.643722241472062,0.36231884057971014,0.5361702127659574,0.7600849256900211,0.6567741935483871
nb,word,True,0.25,10,"(1, 1)",generic,stem,0.1,0.6309898458838666,0.46052631578947373,0.5360443622920517,0.7349524815205913,0.6439024390243903,0.6416469716004226,0.3503649635036496,0.5361702127659574,0.7592788971367975,0.655483870967742
nb,word,True,0.5,10,"(1, 1)",generic,stem,0.1,0.6309898458838666,0.46052631578947373,0.5360443622920517,0.7349524815205913,0.6439024390243903,0.6416469716004226,0.3503649635036496,0.5361702127659574,0.7592788971367975,0.655483870967742
nb,word,True,1.0,10,"(1, 1)",generic,stem,0.1,0.6309898458838666,0.46052631578947373,0.5360443622920517,0.7349524815205913,0.6439024390243903,0.6416469716004226,0.3503649635036496,0.5361702127659574,0.7592788971367975,0.655483870967742
nb,word,True,0.25,10,"(1, 1)",unique,stem,0.01,0.6307695534115685,0.4473684210526316,0.5387453874538745,0.7357293868921776,0.6439024390243903,0.6426022595100952,0.3597122302158273,0.5361702127659574,0.7587672688629118,0.655483870967742
nb,word,True,0.5,10,"(1, 1)",unique,stem,0.01,0.6307695534115685,0.4473684210526316,0.5387453874538745,0.7357293868921776,0.6439024390243903,0.6426022595100952,0.3597122302158273,0.5361702127659574,0.7587672688629118,0.655483870967742
nb,word,True,1.0,10,"(1, 1)",unique,stem,0.01,0.6307695534115685,0.4473684210526316,0.5387453874538745,0.7357293868921776,0.6439024390243903,0.6426022595100952,0.3597122302158273,0.5361702127659574,0.7587672688629118,0.655483870967742
nb,word,True,0.25,10,"(1, 1)",unique,stem,0.1,0.6304017946963641,0.4473684210526316,0.5380333951762524,0.7355110642781875,0.6439024390243903,0.643572681524475,0.36231884057971014,0.537313432835821,0.7592788971367975,0.6567741935483871
nb,word,True,0.5,10,"(1, 1)",unique,stem,0.1,0.6304017946963641,0.4473684210526316,0.5380333951762524,0.7355110642781875,0.6439024390243903,0.643572681524475,0.36231884057971014,0.537313432835821,0.7592788971367975,0.6567741935483871
nb,word,True,1.0,10,"(1, 1)",unique,stem,0.1,0.6304017946963641,0.4473684210526316,0.5380333951762524,0.7355110642781875,0.6439024390243903,0.643572681524475,0.36231884057971014,0.537313432835821,0.7592788971367975,0.6567741935483871
nb,word,True,0.25,10,"(1, 1)",unique,stem,1.0,0.6286830782491892,0.4413793103448276,0.5373134328358209,0.7340980187695515,0.6439024390243903,0.6374343138476121,0.32835820895522383,0.5350318471337578,0.7576719576719577,0.6529032258064517
nb,word,True,0.5,10,"(1, 1)",unique,stem,1.0,0.6286830782491892,0.4413793103448276,0.5373134328358209,0.7340980187695515,0.6439024390243903,0.6374343138476121,0.32835820895522383,0.5350318471337578,0.7576719576719577,0.6529032258064517
nb,word,True,1.0,10,"(1, 1)",unique,stem,1.0,0.6286830782491892,0.4413793103448276,0.5373134328358209,0.7340980187695515,0.6439024390243903,0.6374343138476121,0.32835820895522383,0.5350318471337578,0.7576719576719577,0.6529032258064517
nb,word,True,0.25,1,"(1, 2)",unique,stem,0.1,0.6270067190868134,0.4966442953020134,0.5141776937618147,0.733887733887734,0.6414634146341464,0.6154656331565296,0.3582089552238806,0.4703196347031964,0.7443762781186094,0.6335483870967742
nb,word,True,0.5,1,"(1, 2)",unique,stem,0.1,0.6270067190868134,0.4966442953020134,0.5141776937618147,0.733887733887734,0.6414634146341464,0.6154656331565296,0.3582089552238806,0.4703196347031964,0.7443762781186094,0.6335483870967742
nb,word,True,1.0,1,"(1, 2)",unique,stem,0.1,0.6270067190868134,0.4966442953020134,0.5141776937618147,0.733887733887734,0.6414634146341464,0.6154656331565296,0.3582089552238806,0.4703196347031964,0.7443762781186094,0.6335483870967742
nb,word,True,0.25,1,"(1, 2)",generic,stem,0.1,0.6266390147050551,0.4966442953020134,0.5123339658444023,0.7344398340248962,0.6414634146341464,0.6185956837856041,0.37037037037037035,0.47139588100686497,0.7464212678936605,0.6361290322580645
nb,word,True,0.5,1,"(1, 2)",generic,stem,0.1,0.6266390147050551,0.4966442953020134,0.5123339658444023,0.7344398340248962,0.6414634146341464,0.6185956837856041,0.37037037037037035,0.47139588100686497,0.7464212678936605,0.6361290322580645
nb,word,True,1.0,1,"(1, 2)",generic,stem,0.1,0.6266390147050551,0.4966442953020134,0.5123339658444023,0.7344398340248962,0.6414634146341464,0.6185956837856041,0.37037037037037035,0.47139588100686497,0.7464212678936605,0.6361290322580645
nb,word,True,0.25,1,"(1, 1)",unique,stem,0.25,0.6253593836183091,0.48275862068965514,0.5020080321285141,0.7422266800401203,0.6463414634146342,0.613465823718408,0.3053435114503817,0.4814814814814815,0.7477203647416413,0.6361290322580645
nb,word,True,0.5,1,"(1, 1)",unique,stem,0.25,0.6253593836183091,0.48275862068965514,0.5020080321285141,0.7422266800401203,0.6463414634146342,0.613465823718408,0.3053435114503817,0.4814814814814815,0.7477203647416413,0.6361290322580645
nb,word,True,1.0,1,"(1, 1)",unique,stem,0.25,0.6253593836183091,0.48275862068965514,0.5020080321285141,0.7422266800401203,0.6463414634146342,0.613465823718408,0.3053435114503817,0.4814814814814815,0.7477203647416413,0.6361290322580645
nb,word,True,0.25,10,"(1, 1)",generic,stem,1.0,0.6248883039033822,0.4413793103448276,0.5308411214953271,0.7312500000000001,0.6402439024390244,0.6374343138476121,0.32835820895522383,0.5350318471337578,0.7576719576719577,0.6529032258064517
nb,word,True,0.5,10,"(1, 1)",generic,stem,1.0,0.6248883039033822,0.4413793103448276,0.5308411214953271,0.7312500000000001,0.6402439024390244,0.6374343138476121,0.32835820895522383,0.5350318471337578,0.7576719576719577,0.6529032258064517
nb,word,True,1.0,10,"(1, 1)",generic,stem,1.0,0.6248883039033822,0.4413793103448276,0.5308411214953271,0.7312500000000001,0.6402439024390244,0.6374343138476121,0.32835820895522383,0.5350318471337578,0.7576719576719577,0.6529032258064517
nb,word,True,0.25,1,"(1, 1)",generic,stem,0.25,0.6236982167881655,0.47222222222222215,0.5020080321285141,0.7414829659318637,0.6451219512195122,0.6145209286274448,0.3053435114503817,0.4825986078886311,0.748987854251012,0.6374193548387097
nb,word,True,0.5,1,"(1, 1)",generic,stem,0.25,0.6236982167881655,0.47222222222222215,0.5020080321285141,0.7414829659318637,0.6451219512195122,0.6145209286274448,0.3053435114503817,0.4825986078886311,0.748987854251012,0.6374193548387097
nb,word,True,1.0,1,"(1, 1)",generic,stem,0.25,0.6236982167881655,0.47222222222222215,0.5020080321285141,0.7414829659318637,0.6451219512195122,0.6145209286274448,0.3053435114503817,0.4825986078886311,0.748987854251012,0.6374193548387097
nb,word,True,0.25,1,"(1, 3)",unique,stem,0.1,0.6206999468478694,0.4714285714285715,0.5114503816793894,0.7295081967213115,0.6378048780487805,0.6044402053029204,0.31007751937984496,0.46117647058823524,0.7409638554216869,0.6283870967741936
nb,word,True,0.5,1,"(1, 3)",unique,stem,0.1,0.6206999468478694,0.4714285714285715,0.5114503816793894,0.7295081967213115,0.6378048780487805,0.6044402053029204,0.31007751937984496,0.46117647058823524,0.7409638554216869,0.6283870967741936
nb,word,True,1.0,1,"(1, 3)",unique,stem,0.1,0.6206999468478694,0.4714285714285715,0.5114503816793894,0.7295081967213115,0.6378048780487805,0.6044402053029204,0.31007751937984496,0.46117647058823524,0.7409638554216869,0.6283870967741936
nb,word,True,0.25,1,"(1, 3)",unique,stem,0.01,0.620641840557852,0.47058823529411764,0.5209471766848816,0.723127035830619,0.6292682926829268,0.6248159787627101,0.46153846153846156,0.48458149779735676,0.7297872340425532,0.6309677419354839
nb,word,True,0.5,1,"(1, 3)",unique,stem,0.01,0.620641840557852,0.47058823529411764,0.5209471766848816,0.723127035830619,0.6292682926829268,0.6248159787627101,0.46153846153846156,0.48458149779735676,0.7297872340425532,0.6309677419354839
nb,word,True,1.0,1,"(1, 3)",unique,stem,0.01,0.620641840557852,0.47058823529411764,0.5209471766848816,0.723127035830619,0.6292682926829268,0.6248159787627101,0.46153846153846156,0.48458149779735676,0.7297872340425532,0.6309677419354839
nb,word,True,0.25,1,"(1, 3)",generic,stem,0.1,0.6203227834826023,0.4714285714285715,0.5095785440613027,0.7300613496932515,0.6378048780487805,0.6076643225366468,0.3230769230769231,0.4622641509433963,0.7429718875502007,0.6309677419354839
nb,word,True,0.5,1,"(1, 3)",generic,stem,0.1,0.6203227834826023,0.4714285714285715,0.5095785440613027,0.7300613496932515,0.6378048780487805,0.6076643225366468,0.3230769230769231,0.4622641509433963,0.7429718875502007,0.6309677419354839
nb,word,True,1.0,1,"(1, 3)",generic,stem,0.1,0.6203227834826023,0.4714285714285715,0.5095785440613027,0.7300613496932515,0.6378048780487805,0.6076643225366468,0.3230769230769231,0.4622641509433963,0.7429718875502007,0.6309677419354839
nb,word,True,0.25,1,"(1, 2)",unique,stem,0.25,0.6195255679158008,0.4274809160305343,0.5040983606557378,0.7424094025465229,0.6463414634146342,0.6088532321080953,0.2903225806451613,0.4603960396039604,0.7534246575342466,0.64
nb,word,True,0.5,1,"(1, 2)",unique,stem,0.25,0.6195255679158008,0.4274809160305343,0.5040983606557378,0.7424094025465229,0.6463414634146342,0.6088532321080953,0.2903225806451613,0.4603960396039604,0.7534246575342466,0.64
nb,word,True,1.0,1,"(1, 2)",unique,stem,0.25,0.6195255679158008,0.4274809160305343,0.5040983606557378,0.7424094025465229,0.6463414634146342,0.6088532321080953,0.2903225806451613,0.4603960396039604,0.7534246575342466,0.64
nb,word,True,0.25,1,"(1, 3)",generic,stem,0.01,0.6190339628369605,0.46783625730994155,0.5164835164835165,0.7237269772481039,0.6280487804878049,0.6259058911436658,0.46153846153846156,0.4856512141280353,0.7311370882040382,0.632258064516129
nb,word,True,0.5,1,"(1, 3)",generic,stem,0.01,0.6190339628369605,0.46783625730994155,0.5164835164835165,0.7237269772481039,0.6280487804878049,0.6259058911436658,0.46153846153846156,0.4856512141280353,0.7311370882040382,0.632258064516129
nb,word,True,1.0,1,"(1, 3)",generic,stem,0.01,0.6190339628369605,0.46783625730994155,0.5164835164835165,0.7237269772481039,0.6280487804878049,0.6259058911436658,0.46153846153846156,0.4856512141280353,0.7311370882040382,0.632258064516129
nb,word,True,0.25,1,"(1, 2)",unique,stem,0.01,0.6185484147199877,0.47619047619047616,0.5056603773584906,0.7282377919320594,0.6304878048780488,0.6270137145278407,0.4968944099378882,0.47874720357941836,0.7282377919320595,0.632258064516129
nb,word,True,0.5,1,"(1, 2)",unique,stem,0.01,0.6185484147199877,0.47619047619047616,0.5056603773584906,0.7282377919320594,0.6304878048780488,0.6270137145278407,0.4968944099378882,0.47874720357941836,0.7282377919320595,0.632258064516129
nb,word,True,1.0,1,"(1, 2)",unique,stem,0.01,0.6185484147199877,0.47619047619047616,0.5056603773584906,0.7282377919320594,0.6304878048780488,0.6270137145278407,0.4968944099378882,0.47874720357941836,0.7282377919320595,0.632258064516129
nb,word,True,0.25,1,"(1, 2)",generic,stem,0.25,0.6180517090662434,0.4274809160305343,0.5010266940451745,0.7416829745596869,0.6451219512195122,0.6111199844592213,0.304,0.4603960396039604,0.7541625857002939,0.6412903225806451
nb,word,True,0.5,1,"(1, 2)",generic,stem,0.25,0.6180517090662434,0.4274809160305343,0.5010266940451745,0.7416829745596869,0.6451219512195122,0.6111199844592213,0.304,0.4603960396039604,0.7541625857002939,0.6412903225806451
nb,word,True,1.0,1,"(1, 2)",generic,stem,0.25,0.6180517090662434,0.4274809160305343,0.5010266940451745,0.7416829745596869,0.6451219512195122,0.6111199844592213,0.304,0.4603960396039604,0.7541625857002939,0.6412903225806451
nb,word,True,0.25,1,"(1, 2)",generic,stem,0.01,0.6171384746326074,0.47619047619047616,0.502835538752363,0.7274655355249205,0.6292682926829268,0.6270137145278407,0.4968944099378882,0.47874720357941836,0.7282377919320595,0.632258064516129
nb,word,True,0.5,1,"(1, 2)",generic,stem,0.01,0.6171384746326074,0.47619047619047616,0.502835538752363,0.7274655355249205,0.6292682926829268,0.6270137145278407,0.4968944099378882,0.47874720357941836,0.7282377919320595,0.632258064516129
nb,word,True,1.0,1,"(1, 2)",generic,stem,0.01,0.6171384746326074,0.47619047619047616,0.502835538752363,0.7274655355249205,0.6292682926829268,0.6270137145278407,0.4968944099378882,0.47874720357941836,0.7282377919320595,0.632258064516129
nb,word,True,0.25,1,"(1, 1)",generic,stem,0.1,0.6156419659626379,0.47852760736196315,0.4950884086444008,0.7293388429752066,0.6317073170731707,0.6296040173649321,0.37762237762237766,0.49427917620137296,0.7525773195876289,0.6451612903225806
nb,word,True,0.5,1,"(1, 1)",generic,stem,0.1,0.6156419659626379,0.47852760736196315,0.4950884086444008,0.7293388429752066,0.6317073170731707,0.6296040173649321,0.37762237762237766,0.49427917620137296,0.7525773195876289,0.6451612903225806
nb,word,True,1.0,1,"(1, 1)",generic,stem,0.1,0.6156419659626379,0.47852760736196315,0.4950884086444008,0.7293388429752066,0.6317073170731707,0.6296040173649321,0.37762237762237766,0.49427917620137296,0.7525773195876289,0.6451612903225806
nb,word,True,0.25,1,"(1, 1)",unique,stem,0.1,0.6141932780764259,0.47852760736196315,0.49212598425196846,0.7285861713106294,0.6304878048780488,0.6295078484530577,0.38028169014084506,0.49427917620137296,0.7518022657054583,0.6451612903225806
nb,word,True,0.5,1,"(1, 1)",unique,stem,0.1,0.6141932780764259,0.47852760736196315,0.49212598425196846,0.7285861713106294,0.6304878048780488,0.6295078484530577,0.38028169014084506,0.49427917620137296,0.7518022657054583,0.6451612903225806
nb,word,True,1.0,1,"(1, 1)",unique,stem,0.1,0.6141932780764259,0.47852760736196315,0.49212598425196846,0.7285861713106294,0.6304878048780488,0.6295078484530577,0.38028169014084506,0.49427917620137296,0.7518022657054583,0.6451612903225806
nb,word,True,0.25,1,"(1, 3)",generic,stem,0.001,0.6119806495567993,0.46511627906976744,0.5009416195856873,0.72145144076841,0.6231707317073171,0.6229364787335493,0.4596273291925466,0.4856512141280353,0.7264957264957266,0.6283870967741936
nb,word,True,0.5,1,"(1, 3)",generic,stem,0.001,0.6119806495567993,0.46511627906976744,0.5009416195856873,0.72145144076841,0.6231707317073171,0.6229364787335493,0.4596273291925466,0.4856512141280353,0.7264957264957266,0.6283870967741936
nb,word,True,1.0,1,"(1, 3)",generic,stem,0.001,0.6119806495567993,0.46511627906976744,0.5009416195856873,0.72145144076841,0.6231707317073171,0.6229364787335493,0.4596273291925466,0.4856512141280353,0.7264957264957266,0.6283870967741936
nb,word,True,0.25,1,"(1, 3)",unique,stem,0.001,0.6108491768362929,0.45614035087719296,0.5028142589118199,0.7200854700854701,0.6219512195121951,0.6207420301032057,0.4596273291925466,0.4835164835164835,0.7237687366167024,0.6258064516129033
nb,word,True,0.5,1,"(1, 3)",unique,stem,0.001,0.6108491768362929,0.45614035087719296,0.5028142589118199,0.7200854700854701,0.6219512195121951,0.6207420301032057,0.4596273291925466,0.4835164835164835,0.7237687366167024,0.6258064516129033
nb,word,True,1.0,1,"(1, 3)",unique,stem,0.001,0.6108491768362929,0.45614035087719296,0.5028142589118199,0.7200854700854701,0.6219512195121951,0.6207420301032057,0.4596273291925466,0.4835164835164835,0.7237687366167024,0.6258064516129033
nb,word,True,0.25,1,"(1, 3)",generic,stem,0.0,0.6071569389340163,0.4642857142857143,0.49242424242424243,0.7182203389830509,0.6195121951219512,0.6164096718314693,0.4230769230769231,0.4810690423162583,0.725925925925926,0.6245161290322581
nb,word,True,0.5,1,"(1, 3)",generic,stem,0.0,0.6071569389340163,0.4642857142857143,0.49242424242424243,0.7182203389830509,0.6195121951219512,0.6164096718314693,0.4230769230769231,0.4810690423162583,0.725925925925926,0.6245161290322581
nb,word,True,1.0,1,"(1, 3)",generic,stem,0.0,0.6071569389340163,0.4642857142857143,0.49242424242424243,0.7182203389830509,0.6195121951219512,0.6164096718314693,0.4230769230769231,0.4810690423162583,0.725925925925926,0.6245161290322581
nb,word,True,0.25,1,"(1, 2)",generic,stem,0.001,0.6054636846155845,0.47674418604651164,0.4836852207293666,0.7180570221752903,0.6182926829268293,0.6273621890494722,0.475,0.4832214765100671,0.7317073170731708,0.6335483870967742
nb,word,True,0.5,1,"(1, 2)",generic,stem,0.001,0.6054636846155845,0.47674418604651164,0.4836852207293666,0.7180570221752903,0.6182926829268293,0.6273621890494722,0.475,0.4832214765100671,0.7317073170731708,0.6335483870967742
nb,word,True,1.0,1,"(1, 2)",generic,stem,0.001,0.6054636846155845,0.47674418604651164,0.4836852207293666,0.7180570221752903,0.6182926829268293,0.6273621890494722,0.475,0.4832214765100671,0.7317073170731708,0.6335483870967742
nb,word,True,0.25,1,"(1, 3)",unique,stem,0.25,0.6051383422356719,0.37795275590551186,0.4885177453027139,0.7369439071566731,0.6365853658536585,0.590668822396936,0.20512820512820515,0.4405063291139241,0.7514450867052023,0.6309677419354839
nb,word,True,0.5,1,"(1, 3)",unique,stem,0.25,0.6051383422356719,0.37795275590551186,0.4885177453027139,0.7369439071566731,0.6365853658536585,0.590668822396936,0.20512820512820515,0.4405063291139241,0.7514450867052023,0.6309677419354839
nb,word,True,1.0,1,"(1, 3)",unique,stem,0.25,0.6051383422356719,0.37795275590551186,0.4885177453027139,0.7369439071566731,0.6365853658536585,0.590668822396936,0.20512820512820515,0.4405063291139241,0.7514450867052023,0.6309677419354839
nb,word,True,0.25,1,"(1, 3)",unique,stem,0.0,0.6046068138867597,0.4550898203592814,0.4914933837429111,0.7161016949152542,0.6170731707317073,0.6153200656096226,0.4230769230769231,0.48,0.7245762711864405,0.6232258064516129
nb,word,True,0.5,1,"(1, 3)",unique,stem,0.0,0.6046068138867597,0.4550898203592814,0.4914933837429111,0.7161016949152542,0.6170731707317073,0.6153200656096226,0.4230769230769231,0.48,0.7245762711864405,0.6232258064516129
nb,word,True,1.0,1,"(1, 3)",unique,stem,0.0,0.6046068138867597,0.4550898203592814,0.4914933837429111,0.7161016949152542,0.6170731707317073,0.6153200656096226,0.4230769230769231,0.48,0.7245762711864405,0.6232258064516129
nb,word,True,0.25,1,"(1, 3)",generic,stem,0.25,0.6036398176437807,0.37795275590551186,0.48535564853556484,0.736231884057971,0.6353658536585366,0.590668822396936,0.20512820512820515,0.4405063291139241,0.7514450867052023,0.6309677419354839
nb,word,True,0.5,1,"(1, 3)",generic,stem,0.25,0.6036398176437807,0.37795275590551186,0.48535564853556484,0.736231884057971,0.6353658536585366,0.590668822396936,0.20512820512820515,0.4405063291139241,0.7514450867052023,0.6309677419354839
nb,word,True,1.0,1,"(1, 3)",generic,stem,0.25,0.6036398176437807,0.37795275590551186,0.48535564853556484,0.736231884057971,0.6353658536585366,0.590668822396936,0.20512820512820515,0.4405063291139241,0.7514450867052023,0.6309677419354839
nb,word,True,0.25,1,"(1, 2)",unique,stem,0.001,0.6030321787251486,0.4588235294117647,0.48380952380952386,0.7174603174603174,0.6158536585365854,0.6262718013443306,0.475,0.48214285714285715,0.7303609341825902,0.632258064516129
nb,word,True,0.5,1,"(1, 2)",unique,stem,0.001,0.6030321787251486,0.4588235294117647,0.48380952380952386,0.7174603174603174,0.6158536585365854,0.6262718013443306,0.475,0.48214285714285715,0.7303609341825902,0.632258064516129
nb,word,True,1.0,1,"(1, 2)",unique,stem,0.001,0.6030321787251486,0.4588235294117647,0.48380952380952386,0.7174603174603174,0.6158536585365854,0.6262718013443306,0.475,0.48214285714285715,0.7303609341825902,0.632258064516129
nb,word,True,0.25,1,"(1, 2)",generic,stem,0.0,0.6028979825918038,0.47337278106508873,0.48183556405353734,0.7151898734177216,0.6158536585365854,0.6150744569996486,0.4258064516129032,0.4766146993318486,0.7251585623678648,0.6232258064516129
nb,word,True,0.5,1,"(1, 2)",generic,stem,0.0,0.6028979825918038,0.47337278106508873,0.48183556405353734,0.7151898734177216,0.6158536585365854,0.6150744569996486,0.4258064516129032,0.4766146993318486,0.7251585623678648,0.6232258064516129
nb,word,True,1.0,1,"(1, 2)",generic,stem,0.0,0.6028979825918038,0.47337278106508873,0.48183556405353734,0.7151898734177216,0.6158536585365854,0.6150744569996486,0.4258064516129032,0.4766146993318486,0.7251585623678648,0.6232258064516129
nb,word,True,0.25,1,"(1, 2)",unique,stem,0.0,0.6024432770319406,0.4642857142857143,0.4827586206896552,0.7157894736842104,0.6158536585365854,0.6139196370839448,0.4230769230769231,0.4766146993318486,0.7238095238095237,0.6219354838709678
nb,word,True,0.5,1,"(1, 2)",unique,stem,0.0,0.6024432770319406,0.4642857142857143,0.4827586206896552,0.7157894736842104,0.6158536585365854,0.6139196370839448,0.4230769230769231,0.4766146993318486,0.7238095238095237,0.6219354838709678
nb,word,True,1.0,1,"(1, 2)",unique,stem,0.0,0.6024432770319406,0.4642857142857143,0.4827586206896552,0.7157894736842104,0.6158536585365854,0.6139196370839448,0.4230769230769231,0.4766146993318486,0.7238095238095237,0.6219354838709678
nb,word,True,0.25,20,"(1, 1)",generic,stem,0.0,0.6017683696917798,0.36363636363636365,0.5158878504672897,0.7151767151767152,0.6195121951219512,0.6101629260250523,0.3111111111111111,0.4989604989604989,0.7323340471092078,0.6232258064516129
nb,word,True,0.25,20,"(1, 1)",generic,stem,0.001,0.6017683696917798,0.36363636363636365,0.5158878504672897,0.7151767151767152,0.6195121951219512,0.6101629260250523,0.3111111111111111,0.4989604989604989,0.7323340471092078,0.6232258064516129
nb,word,True,0.25,20,"(1, 1)",generic,stem,0.01,0.6017683696917798,0.36363636363636365,0.5158878504672897,0.7151767151767152,0.6195121951219512,0.6101629260250523,0.3111111111111111,0.4989604989604989,0.7323340471092078,0.6232258064516129
nb,word,True,0.5,20,"(1, 1)",generic,stem,0.0,0.6017683696917798,0.36363636363636365,0.5158878504672897,0.7151767151767152,0.6195121951219512,0.6101629260250523,0.3111111111111111,0.4989604989604989,0.7323340471092078,0.6232258064516129
nb,word,True,0.5,20,"(1, 1)",generic,stem,0.001,0.6017683696917798,0.36363636363636365,0.5158878504672897,0.7151767151767152,0.6195121951219512,0.6101629260250523,0.3111111111111111,0.4989604989604989,0.7323340471092078,0.6232258064516129
nb,word,True,0.5,20,"(1, 1)",generic,stem,0.01,0.6017683696917798,0.36363636363636365,0.5158878504672897,0.7151767151767152,0.6195121951219512,0.6101629260250523,0.3111111111111111,0.4989604989604989,0.7323340471092078,0.6232258064516129
nb,word,True,1.0,20,"(1, 1)",generic,stem,0.0,0.6017683696917798,0.36363636363636365,0.5158878504672897,0.7151767151767152,0.6195121951219512,0.6101629260250523,0.3111111111111111,0.4989604989604989,0.7323340471092078,0.6232258064516129
nb,word,True,1.0,20,"(1, 1)",generic,stem,0.001,0.6017683696917798,0.36363636363636365,0.5158878504672897,0.7151767151767152,0.6195121951219512,0.6101629260250523,0.3111111111111111,0.4989604989604989,0.7323340471092078,0.6232258064516129
nb,word,True,1.0,20,"(1, 1)",generic,stem,0.01,0.6017683696917798,0.36363636363636365,0.5158878504672897,0.7151767151767152,0.6195121951219512,0.6101629260250523,0.3111111111111111,0.4989604989604989,0.7323340471092078,0.6232258064516129
nb,word,True,0.25,1,"(1, 1)",generic,stem,0.0,0.601337882070088,0.47457627118644075,0.47244094488188976,0.718324607329843,0.6158536585365854,0.6173345141743599,0.3624161073825503,0.4910714285714286,0.7366211962224554,0.6296774193548387
nb,word,True,0.5,1,"(1, 1)",generic,stem,0.0,0.601337882070088,0.47457627118644075,0.47244094488188976,0.718324607329843,0.6158536585365854,0.6173345141743599,0.3624161073825503,0.4910714285714286,0.7366211962224554,0.6296774193548387
nb,word,True,1.0,1,"(1, 1)",generic,stem,0.0,0.601337882070088,0.47457627118644075,0.47244094488188976,0.718324607329843,0.6158536585365854,0.6173345141743599,0.3624161073825503,0.4910714285714286,0.7366211962224554,0.6296774193548387
nb,word,True,0.25,1,"(1, 1)",unique,stem,0.0,0.6008600994355556,0.4685714285714285,0.47337278106508873,0.7181628392484343,0.6158536585365854,0.6184176106075399,0.3624161073825503,0.49217002237136465,0.7379454926624739,0.6309677419354839
nb,word,True,0.5,1,"(1, 1)",unique,stem,0.0,0.6008600994355556,0.4685714285714285,0.47337278106508873,0.7181628392484343,0.6158536585365854,0.6184176106075399,0.3624161073825503,0.49217002237136465,0.7379454926624739,0.6309677419354839
nb,word,True,1.0,1,"(1, 1)",unique,stem,0.0,0.6008600994355556,0.4685714285714285,0.47337278106508873,0.7181628392484343,0.6158536585365854,0.6184176106075399,0.3624161073825503,0.49217002237136465,0.7379454926624739,0.6309677419354839
nb,word,True,0.25,1,"(1, 1)",generic,stem,0.001,0.600624796218484,0.4666666666666667,0.4691848906560636,0.7210031347962383,0.6158536585365854,0.6203212034177082,0.36486486486486486,0.4954954954954955,0.7390396659707725,0.6335483870967742
nb,word,True,0.5,1,"(1, 1)",generic,stem,0.001,0.600624796218484,0.4666666666666667,0.4691848906560636,0.7210031347962383,0.6158536585365854,0.6203212034177082,0.36486486486486486,0.4954954954954955,0.7390396659707725,0.6335483870967742
nb,word,True,1.0,1,"(1, 1)",generic,stem,0.001,0.600624796218484,0.4666666666666667,0.4691848906560636,0.7210031347962383,0.6158536585365854,0.6203212034177082,0.36486486486486486,0.4954954954954955,0.7390396659707725,0.6335483870967742
nb,word,True,0.25,1,"(1, 1)",generic,stem,0.01,0.6004952657483761,0.4659090909090909,0.47128712871287126,0.7194994786235662,0.6158536585365854,0.6234884533688103,0.3918918918918919,0.49433106575963714,0.7388137356919875,0.6361290322580645
nb,word,True,0.5,1,"(1, 1)",generic,stem,0.01,0.6004952657483761,0.4659090909090909,0.47128712871287126,0.7194994786235662,0.6158536585365854,0.6234884533688103,0.3918918918918919,0.49433106575963714,0.7388137356919875,0.6361290322580645
nb,word,True,1.0,1,"(1, 1)",generic,stem,0.01,0.6004952657483761,0.4659090909090909,0.47128712871287126,0.7194994786235662,0.6158536585365854,0.6234884533688103,0.3918918918918919,0.49433106575963714,0.7388137356919875,0.6361290322580645
nb,word,True,0.25,20,"(1, 2)",generic,stem,0.0,0.6003901551144042,0.36363636363636365,0.5131086142322098,0.7144340602284527,0.6182926829268293,0.6088254652789756,0.3111111111111111,0.4958333333333333,0.7315508021390374,0.6219354838709678
nb,word,True,0.25,20,"(1, 2)",generic,stem,0.001,0.6003901551144042,0.36363636363636365,0.5131086142322098,0.7144340602284527,0.6182926829268293,0.6088254652789756,0.3111111111111111,0.4958333333333333,0.7315508021390374,0.6219354838709678
nb,word,True,0.25,20,"(1, 2)",generic,stem,0.01,0.6003901551144042,0.36363636363636365,0.5131086142322098,0.7144340602284527,0.6182926829268293,0.6088254652789756,0.3111111111111111,0.4958333333333333,0.7315508021390374,0.6219354838709678
nb,word,True,0.25,20,"(1, 3)",generic,stem,0.0,0.6003901551144042,0.36363636363636365,0.5131086142322098,0.7144340602284527,0.6182926829268293,0.6088254652789756,0.3111111111111111,0.4958333333333333,0.7315508021390374,0.6219354838709678
nb,word,True,0.25,20,"(1, 3)",generic,stem,0.001,0.6003901551144042,0.36363636363636365,0.5131086142322098,0.7144340602284527,0.6182926829268293,0.6088254652789756,0.3111111111111111,0.4958333333333333,0.7315508021390374,0.6219354838709678
nb,word,True,0.25,20,"(1, 3)",generic,stem,0.01,0.6003901551144042,0.36363636363636365,0.5131086142322098,0.7144340602284527,0.6182926829268293,0.6088254652789756,0.3111111111111111,0.4958333333333333,0.7315508021390374,0.6219354838709678
nb,word,True,0.5,20,"(1, 2)",generic,stem,0.0,0.6003901551144042,0.36363636363636365,0.5131086142322098,0.7144340602284527,0.6182926829268293,0.6088254652789756,0.3111111111111111,0.4958333333333333,0.7315508021390374,0.6219354838709678
nb,word,True,0.5,20,"(1, 2)",generic,stem,0.001,0.6003901551144042,0.36363636363636365,0.5131086142322098,0.7144340602284527,0.6182926829268293,0.6088254652789756,0.3111111111111111,0.4958333333333333,0.7315508021390374,0.6219354838709678
nb,word,True,0.5,20,"(1, 2)",generic,stem,0.01,0.6003901551144042,0.36363636363636365,0.5131086142322098,0.7144340602284527,0.6182926829268293,0.6088254652789756,0.3111111111111111,0.4958333333333333,0.7315508021390374,0.6219354838709678
nb,word,True,0.5,20,"(1, 3)",generic,stem,0.0,0.6003901551144042,0.36363636363636365,0.5131086142322098,0.7144340602284527,0.6182926829268293,0.6088254652789756,0.3111111111111111,0.4958333333333333,0.7315508021390374,0.6219354838709678
nb,word,True,0.5,20,"(1, 3)",generic,stem,0.001,0.6003901551144042,0.36363636363636365,0.5131086142322098,0.7144340602284527,0.6182926829268293,0.6088254652789756,0.3111111111111111,0.4958333333333333,0.7315508021390374,0.6219354838709678
nb,word,True,0.5,20,"(1, 3)",generic,stem,0.01,0.6003901551144042,0.36363636363636365,0.5131086142322098,0.7144340602284527,0.6182926829268293,0.6088254652789756,0.3111111111111111,0.4958333333333333,0.7315508021390374,0.6219354838709678
nb,word,True,1.0,20,"(1, 2)",generic,stem,0.0,0.6003901551144042,0.36363636363636365,0.5131086142322098,0.7144340602284527,0.6182926829268293,0.6088254652789756,0.3111111111111111,0.4958333333333333,0.7315508021390374,0.6219354838709678
nb,word,True,1.0,20,"(1, 2)",generic,stem,0.001,0.6003901551144042,0.36363636363636365,0.5131086142322098,0.7144340602284527,0.6182926829268293,0.6088254652789756,0.3111111111111111,0.4958333333333333,0.7315508021390374,0.6219354838709678
nb,word,True,1.0,20,"(1, 2)",generic,stem,0.01,0.6003901551144042,0.36363636363636365,0.5131086142322098,0.7144340602284527,0.6182926829268293,0.6088254652789756,0.3111111111111111,0.4958333333333333,0.7315508021390374,0.6219354838709678
nb,word,True,1.0,20,"(1, 3)",generic,stem,0.0,0.6003901551144042,0.36363636363636365,0.5131086142322098,0.7144340602284527,0.6182926829268293,0.6088254652789756,0.3111111111111111,0.4958333333333333,0.7315508021390374,0.6219354838709678
nb,word,True,1.0,20,"(1, 3)",generic,stem,0.001,0.6003901551144042,0.36363636363636365,0.5131086142322098,0.7144340602284527,0.6182926829268293,0.6088254652789756,0.3111111111111111,0.4958333333333333,0.7315508021390374,0.6219354838709678
nb,word,True,1.0,20,"(1, 3)",generic,stem,0.01,0.6003901551144042,0.36363636363636365,0.5131086142322098,0.7144340602284527,0.6182926829268293,0.6088254652789756,0.3111111111111111,0.4958333333333333,0.7315508021390374,0.6219354838709678
nb,word,True,0.25,20,"(1, 2)",unique,stem,0.01,0.5995635374287933,0.3404255319148936,0.5186567164179106,0.7144340602284527,0.6182926829268293,0.6092290185350534,0.3088235294117648,0.49792531120331945,0.7317596566523604,0.6219354838709678
nb,word,True,0.25,20,"(1, 3)",unique,stem,0.01,0.5995635374287933,0.3404255319148936,0.5186567164179106,0.7144340602284527,0.6182926829268293,0.6092290185350534,0.3088235294117648,0.49792531120331945,0.7317596566523604,0.6219354838709678
nb,word,True,0.5,20,"(1, 2)",unique,stem,0.01,0.5995635374287933,0.3404255319148936,0.5186567164179106,0.7144340602284527,0.6182926829268293,0.6092290185350534,0.3088235294117648,0.49792531120331945,0.7317596566523604,0.6219354838709678
nb,word,True,0.5,20,"(1, 3)",unique,stem,0.01,0.5995635374287933,0.3404255319148936,0.5186567164179106,0.7144340602284527,0.6182926829268293,0.6092290185350534,0.3088235294117648,0.49792531120331945,0.7317596566523604,0.6219354838709678
nb,word,True,1.0,20,"(1, 2)",unique,stem,0.01,0.5995635374287933,0.3404255319148936,0.5186567164179106,0.7144340602284527,0.6182926829268293,0.6092290185350534,0.3088235294117648,0.49792531120331945,0.7317596566523604,0.6219354838709678
nb,word,True,1.0,20,"(1, 3)",unique,stem,0.01,0.5995635374287933,0.3404255319148936,0.5186567164179106,0.7144340602284527,0.6182926829268293,0.6092290185350534,0.3088235294117648,0.49792531120331945,0.7317596566523604,0.6219354838709678
nb,word,True,0.25,1,"(1, 1)",unique,stem,0.5,0.599365759756517,0.34375,0.4778012684989429,0.7410972088546679,0.6341463414634146,0.6103829828254448,0.2644628099173554,0.4720194647201946,0.7563850687622788,0.6425806451612903
nb,word,True,0.5,1,"(1, 1)",unique,stem,0.5,0.599365759756517,0.34375,0.4778012684989429,0.7410972088546679,0.6341463414634146,0.6103829828254448,0.2644628099173554,0.4720194647201946,0.7563850687622788,0.6425806451612903
nb,word,True,1.0,1,"(1, 1)",unique,stem,0.5,0.599365759756517,0.34375,0.4778012684989429,0.7410972088546679,0.6341463414634146,0.6103829828254448,0.2644628099173554,0.4720194647201946,0.7563850687622788,0.6425806451612903
nb,word,True,0.25,1,"(1, 1)",generic,stem,0.5,0.599365759756517,0.34375,0.4778012684989429,0.7410972088546679,0.6341463414634146,0.6093459525722831,0.2644628099173554,0.470873786407767,0.7551622418879057,0.6412903225806451
nb,word,True,0.5,1,"(1, 1)",generic,stem,0.5,0.599365759756517,0.34375,0.4778012684989429,0.7410972088546679,0.6341463414634146,0.6093459525722831,0.2644628099173554,0.470873786407767,0.7551622418879057,0.6412903225806451
nb,word,True,1.0,1,"(1, 1)",generic,stem,0.5,0.599365759756517,0.34375,0.4778012684989429,0.7410972088546679,0.6341463414634146,0.6093459525722831,0.2644628099173554,0.470873786407767,0.7551622418879057,0.6412903225806451
nb,word,True,0.25,1,"(1, 1)",unique,stem,0.001,0.5991146414318466,0.4606741573033708,0.4691848906560636,0.7194994786235662,0.6146341463414634,0.62044398635361,0.3624161073825503,0.4954954954954955,0.7398119122257053,0.6335483870967742
nb,word,True,0.5,1,"(1, 1)",unique,stem,0.001,0.5991146414318466,0.4606741573033708,0.4691848906560636,0.7194994786235662,0.6146341463414634,0.62044398635361,0.3624161073825503,0.4954954954954955,0.7398119122257053,0.6335483870967742
nb,word,True,1.0,1,"(1, 1)",unique,stem,0.001,0.5991146414318466,0.4606741573033708,0.4691848906560636,0.7194994786235662,0.6146341463414634,0.62044398635361,0.3624161073825503,0.4954954954954955,0.7398119122257053,0.6335483870967742
nb,word,True,0.25,1,"(1, 1)",unique,stem,0.01,0.5989531987545235,0.4685714285714285,0.4682539682539682,0.7180020811654526,0.6146341463414634,0.6234884533688103,0.3918918918918919,0.49433106575963714,0.7388137356919875,0.6361290322580645
nb,word,True,0.5,1,"(1, 1)",unique,stem,0.01,0.5989531987545235,0.4685714285714285,0.4682539682539682,0.7180020811654526,0.6146341463414634,0.6234884533688103,0.3918918918918919,0.49433106575963714,0.7388137356919875,0.6361290322580645
nb,word,True,1.0,1,"(1, 1)",unique,stem,0.01,0.5989531987545235,0.4685714285714285,0.4682539682539682,0.7180020811654526,0.6146341463414634,0.6234884533688103,0.3918918918918919,0.49433106575963714,0.7388137356919875,0.6361290322580645
nb,word,True,0.25,20,"(1, 1)",unique,stem,0.0,0.5985204660322728,0.3404255319148936,0.5176908752327748,0.7130977130977132,0.6170731707317073,0.6092290185350534,0.3088235294117648,0.49792531120331945,0.7317596566523604,0.6219354838709678
nb,word,True,0.25,20,"(1, 1)",unique,stem,0.001,0.5985204660322728,0.3404255319148936,0.5176908752327748,0.7130977130977132,0.6170731707317073,0.6092290185350534,0.3088235294117648,0.49792531120331945,0.7317596566523604,0.6219354838709678
nb,word,True,0.25,20,"(1, 1)",unique,stem,0.01,0.5985204660322728,0.3404255319148936,0.5176908752327748,0.7130977130977132,0.6170731707317073,0.6092290185350534,0.3088235294117648,0.49792531120331945,0.7317596566523604,0.6219354838709678
nb,word,True,0.25,20,"(1, 2)",unique,stem,0.0,0.5985204660322728,0.3404255319148936,0.5176908752327748,0.7130977130977132,0.6170731707317073,0.6092290185350534,0.3088235294117648,0.49792531120331945,0.7317596566523604,0.6219354838709678
nb,word,True,0.25,20,"(1, 2)",unique,stem,0.001,0.5985204660322728,0.3404255319148936,0.5176908752327748,0.7130977130977132,0.6170731707317073,0.6092290185350534,0.3088235294117648,0.49792531120331945,0.7317596566523604,0.6219354838709678
nb,word,True,0.25,20,"(1, 3)",unique,stem,0.0,0.5985204660322728,0.3404255319148936,0.5176908752327748,0.7130977130977132,0.6170731707317073,0.6092290185350534,0.3088235294117648,0.49792531120331945,0.7317596566523604,0.6219354838709678
nb,word,True,0.25,20,"(1, 3)",unique,stem,0.001,0.5985204660322728,0.3404255319148936,0.5176908752327748,0.7130977130977132,0.6170731707317073,0.6092290185350534,0.3088235294117648,0.49792531120331945,0.7317596566523604,0.6219354838709678
nb,word,True,0.5,20,"(1, 1)",unique,stem,0.0,0.5985204660322728,0.3404255319148936,0.5176908752327748,0.7130977130977132,0.6170731707317073,0.6092290185350534,0.3088235294117648,0.49792531120331945,0.7317596566523604,0.6219354838709678
nb,word,True,0.5,20,"(1, 1)",unique,stem,0.001,0.5985204660322728,0.3404255319148936,0.5176908752327748,0.7130977130977132,0.6170731707317073,0.6092290185350534,0.3088235294117648,0.49792531120331945,0.7317596566523604,0.6219354838709678
nb,word,True,0.5,20,"(1, 1)",unique,stem,0.01,0.5985204660322728,0.3404255319148936,0.5176908752327748,0.7130977130977132,0.6170731707317073,0.6092290185350534,0.3088235294117648,0.49792531120331945,0.7317596566523604,0.6219354838709678
nb,word,True,0.5,20,"(1, 2)",unique,stem,0.0,0.5985204660322728,0.3404255319148936,0.5176908752327748,0.7130977130977132,0.6170731707317073,0.6092290185350534,0.3088235294117648,0.49792531120331945,0.7317596566523604,0.6219354838709678
nb,word,True,0.5,20,"(1, 2)",unique,stem,0.001,0.5985204660322728,0.3404255319148936,0.5176908752327748,0.7130977130977132,0.6170731707317073,0.6092290185350534,0.3088235294117648,0.49792531120331945,0.7317596566523604,0.6219354838709678
nb,word,True,0.5,20,"(1, 3)",unique,stem,0.0,0.5985204660322728,0.3404255319148936,0.5176908752327748,0.7130977130977132,0.6170731707317073,0.6092290185350534,0.3088235294117648,0.49792531120331945,0.7317596566523604,0.6219354838709678
nb,word,True,0.5,20,"(1, 3)",unique,stem,0.001,0.5985204660322728,0.3404255319148936,0.5176908752327748,0.7130977130977132,0.6170731707317073,0.6092290185350534,0.3088235294117648,0.49792531120331945,0.7317596566523604,0.6219354838709678
nb,word,True,1.0,20,"(1, 1)",unique,stem,0.0,0.5985204660322728,0.3404255319148936,0.5176908752327748,0.7130977130977132,0.6170731707317073,0.6092290185350534,0.3088235294117648,0.49792531120331945,0.7317596566523604,0.6219354838709678
nb,word,True,1.0,20,"(1, 1)",unique,stem,0.001,0.5985204660322728,0.3404255319148936,0.5176908752327748,0.7130977130977132,0.6170731707317073,0.6092290185350534,0.3088235294117648,0.49792531120331945,0.7317596566523604,0.6219354838709678
nb,word,True,1.0,20,"(1, 1)",unique,stem,0.01,0.5985204660322728,0.3404255319148936,0.5176908752327748,0.7130977130977132,0.6170731707317073,0.6092290185350534,0.3088235294117648,0.49792531120331945,0.7317596566523604,0.6219354838709678
nb,word,True,1.0,20,"(1, 2)",unique,stem,0.0,0.5985204660322728,0.3404255319148936,0.5176908752327748,0.7130977130977132,0.6170731707317073,0.6092290185350534,0.3088235294117648,0.49792531120331945,0.7317596566523604,0.6219354838709678
nb,word,True,1.0,20,"(1, 2)",unique,stem,0.001,0.5985204660322728,0.3404255319148936,0.5176908752327748,0.7130977130977132,0.6170731707317073,0.6092290185350534,0.3088235294117648,0.49792531120331945,0.7317596566523604,0.6219354838709678
nb,word,True,1.0,20,"(1, 3)",unique,stem,0.0,0.5985204660322728,0.3404255319148936,0.5176908752327748,0.7130977130977132,0.6170731707317073,0.6092290185350534,0.3088235294117648,0.49792531120331945,0.7317596566523604,0.6219354838709678
nb,word,True,1.0,20,"(1, 3)",unique,stem,0.001,0.5985204660322728,0.3404255319148936,0.5176908752327748,0.7130977130977132,0.6170731707317073,0.6092290185350534,0.3088235294117648,0.49792531120331945,0.7317596566523604,0.6219354838709678
nb,word,True,0.25,20,"(1, 1)",unique,stem,0.1,0.5967652628206243,0.34285714285714286,0.5121495327102804,0.7129533678756478,0.6158536585365854,0.6082710042401929,0.30075187969924816,0.5,0.7309753483386924,0.6219354838709678
nb,word,True,0.5,20,"(1, 1)",unique,stem,0.1,0.5967652628206243,0.34285714285714286,0.5121495327102804,0.7129533678756478,0.6158536585365854,0.6082710042401929,0.30075187969924816,0.5,0.7309753483386924,0.6219354838709678
nb,word,True,1.0,20,"(1, 1)",unique,stem,0.1,0.5967652628206243,0.34285714285714286,0.5121495327102804,0.7129533678756478,0.6158536585365854,0.6082710042401929,0.30075187969924816,0.5,0.7309753483386924,0.6219354838709678
nb,word,True,0.25,20,"(1, 2)",unique,stem,0.1,0.5967652628206243,0.34285714285714286,0.5121495327102804,0.7129533678756478,0.6158536585365854,0.6070962455268262,0.29850746268656714,0.4968944099378882,0.7309753483386924,0.6206451612903225
nb,word,True,0.25,20,"(1, 3)",unique,stem,0.1,0.5967652628206243,0.34285714285714286,0.5121495327102804,0.7129533678756478,0.6158536585365854,0.6070962455268262,0.29850746268656714,0.4968944099378882,0.7309753483386924,0.6206451612903225
nb,word,True,0.5,20,"(1, 2)",unique,stem,0.1,0.5967652628206243,0.34285714285714286,0.5121495327102804,0.7129533678756478,0.6158536585365854,0.6070962455268262,0.29850746268656714,0.4968944099378882,0.7309753483386924,0.6206451612903225
nb,word,True,0.5,20,"(1, 3)",unique,stem,0.1,0.5967652628206243,0.34285714285714286,0.5121495327102804,0.7129533678756478,0.6158536585365854,0.6070962455268262,0.29850746268656714,0.4968944099378882,0.7309753483386924,0.6206451612903225
nb,word,True,1.0,20,"(1, 2)",unique,stem,0.1,0.5967652628206243,0.34285714285714286,0.5121495327102804,0.7129533678756478,0.6158536585365854,0.6070962455268262,0.29850746268656714,0.4968944099378882,0.7309753483386924,0.6206451612903225
nb,word,True,1.0,20,"(1, 3)",unique,stem,0.1,0.5967652628206243,0.34285714285714286,0.5121495327102804,0.7129533678756478,0.6158536585365854,0.6070962455268262,0.29850746268656714,0.4968944099378882,0.7309753483386924,0.6206451612903225
nb,word,True,0.25,20,"(1, 1)",generic,stem,0.1,0.5952552127769004,0.3453237410071942,0.5103189493433397,0.7107438016528926,0.6146341463414634,0.6081047358629207,0.30075187969924816,0.5010351966873706,0.7301927194860814,0.6219354838709678
nb,word,True,0.5,20,"(1, 1)",generic,stem,0.1,0.5952552127769004,0.3453237410071942,0.5103189493433397,0.7107438016528926,0.6146341463414634,0.6081047358629207,0.30075187969924816,0.5010351966873706,0.7301927194860814,0.6219354838709678
nb,word,True,1.0,20,"(1, 1)",generic,stem,0.1,0.5952552127769004,0.3453237410071942,0.5103189493433397,0.7107438016528926,0.6146341463414634,0.6081047358629207,0.30075187969924816,0.5010351966873706,0.7301927194860814,0.6219354838709678
nb,word,True,0.25,20,"(1, 2)",generic,stem,0.1,0.5952130618134158,0.3453237410071942,0.5112781954887218,0.7100103199174406,0.6146341463414634,0.608942292385351,0.30075187969924816,0.5,0.7321237993596584,0.6232258064516129
nb,word,True,0.25,20,"(1, 3)",generic,stem,0.1,0.5952130618134158,0.3453237410071942,0.5112781954887218,0.7100103199174406,0.6146341463414634,0.608942292385351,0.30075187969924816,0.5,0.7321237993596584,0.6232258064516129
nb,word,True,0.5,20,"(1, 2)",generic,stem,0.1,0.5952130618134158,0.3453237410071942,0.5112781954887218,0.7100103199174406,0.6146341463414634,0.608942292385351,0.30075187969924816,0.5,0.7321237993596584,0.6232258064516129
nb,word,True,0.5,20,"(1, 3)",generic,stem,0.1,0.5952130618134158,0.3453237410071942,0.5112781954887218,0.7100103199174406,0.6146341463414634,0.608942292385351,0.30075187969924816,0.5,0.7321237993596584,0.6232258064516129
nb,word,True,1.0,20,"(1, 2)",generic,stem,0.1,0.5952130618134158,0.3453237410071942,0.5112781954887218,0.7100103199174406,0.6146341463414634,0.608942292385351,0.30075187969924816,0.5,0.7321237993596584,0.6232258064516129
nb,word,True,1.0,20,"(1, 3)",generic,stem,0.1,0.5952130618134158,0.3453237410071942,0.5112781954887218,0.7100103199174406,0.6146341463414634,0.608942292385351,0.30075187969924816,0.5,0.7321237993596584,0.6232258064516129
nb,word,True,0.25,20,"(1, 1)",generic,stem,0.5,0.595034352527724,0.3308270676691729,0.5158878504672897,0.7098765432098765,0.6158536585365854,0.6089556405141491,0.30303030303030304,0.4989604989604989,0.7321237993596584,0.6232258064516129
nb,word,True,0.5,20,"(1, 1)",generic,stem,0.5,0.595034352527724,0.3308270676691729,0.5158878504672897,0.7098765432098765,0.6158536585365854,0.6089556405141491,0.30303030303030304,0.4989604989604989,0.7321237993596584,0.6232258064516129
nb,word,True,1.0,20,"(1, 1)",generic,stem,0.5,0.595034352527724,0.3308270676691729,0.5158878504672897,0.7098765432098765,0.6158536585365854,0.6089556405141491,0.30303030303030304,0.4989604989604989,0.7321237993596584,0.6232258064516129
nb,word,True,0.25,20,"(1, 1)",generic,stem,0.25,0.5948009832498734,0.3333333333333333,0.5131086142322098,0.7107438016528926,0.6146341463414634,0.6102888308764363,0.30303030303030304,0.5020746887966805,0.7329059829059829,0.6245161290322581
nb,word,True,0.5,20,"(1, 1)",generic,stem,0.25,0.5948009832498734,0.3333333333333333,0.5131086142322098,0.7107438016528926,0.6146341463414634,0.6102888308764363,0.30303030303030304,0.5020746887966805,0.7329059829059829,0.6245161290322581
nb,word,True,1.0,20,"(1, 1)",generic,stem,0.25,0.5948009832498734,0.3333333333333333,0.5131086142322098,0.7107438016528926,0.6146341463414634,0.6102888308764363,0.30303030303030304,0.5020746887966805,0.7329059829059829,0.6245161290322581
nb,word,True,0.25,20,"(1, 1)",generic,stem,1.0,0.5944429641710663,0.3206106870229008,0.5176908752327748,0.7098765432098765,0.6158536585365854,0.6111201397257384,0.30303030303030304,0.5010438413361169,0.7348242811501596,0.6258064516129033
nb,word,True,0.5,20,"(1, 1)",generic,stem,1.0,0.5944429641710663,0.3206106870229008,0.5176908752327748,0.7098765432098765,0.6158536585365854,0.6111201397257384,0.30303030303030304,0.5010438413361169,0.7348242811501596,0.6258064516129033
nb,word,True,1.0,20,"(1, 1)",generic,stem,1.0,0.5944429641710663,0.3206106870229008,0.5176908752327748,0.7098765432098765,0.6158536585365854,0.6111201397257384,0.30303030303030304,0.5010438413361169,0.7348242811501596,0.6258064516129033
nb,word,True,0.25,20,"(1, 2)",generic,stem,1.0,0.5941125831153543,0.3206106870229008,0.5158878504672897,0.7104722792607804,0.6158536585365854,0.6100381210828972,0.30303030303030304,0.5,0.7334754797441365,0.6245161290322581
nb,word,True,0.25,20,"(1, 3)",generic,stem,1.0,0.5941125831153543,0.3206106870229008,0.5158878504672897,0.7104722792607804,0.6158536585365854,0.6100381210828972,0.30303030303030304,0.5,0.7334754797441365,0.6245161290322581
nb,word,True,0.5,20,"(1, 2)",generic,stem,1.0,0.5941125831153543,0.3206106870229008,0.5158878504672897,0.7104722792607804,0.6158536585365854,0.6100381210828972,0.30303030303030304,0.5,0.7334754797441365,0.6245161290322581
nb,word,True,0.5,20,"(1, 3)",generic,stem,1.0,0.5941125831153543,0.3206106870229008,0.5158878504672897,0.7104722792607804,0.6158536585365854,0.6100381210828972,0.30303030303030304,0.5,0.7334754797441365,0.6245161290322581
nb,word,True,1.0,20,"(1, 2)",generic,stem,1.0,0.5941125831153543,0.3206106870229008,0.5158878504672897,0.7104722792607804,0.6158536585365854,0.6100381210828972,0.30303030303030304,0.5,0.7334754797441365,0.6245161290322581
nb,word,True,1.0,20,"(1, 3)",generic,stem,1.0,0.5941125831153543,0.3206106870229008,0.5158878504672897,0.7104722792607804,0.6158536585365854,0.6100381210828972,0.30303030303030304,0.5,0.7334754797441365,0.6245161290322581
nb,word,True,0.25,20,"(1, 2)",generic,stem,0.5,0.593662980959776,0.3308270676691729,0.5131086142322098,0.7091469681397738,0.6146341463414634,0.6089556405141491,0.30303030303030304,0.4989604989604989,0.7321237993596584,0.6232258064516129
nb,word,True,0.25,20,"(1, 3)",generic,stem,0.5,0.593662980959776,0.3308270676691729,0.5131086142322098,0.7091469681397738,0.6146341463414634,0.6089556405141491,0.30303030303030304,0.4989604989604989,0.7321237993596584,0.6232258064516129
nb,word,True,0.5,20,"(1, 2)",generic,stem,0.5,0.593662980959776,0.3308270676691729,0.5131086142322098,0.7091469681397738,0.6146341463414634,0.6089556405141491,0.30303030303030304,0.4989604989604989,0.7321237993596584,0.6232258064516129
nb,word,True,0.5,20,"(1, 3)",generic,stem,0.5,0.593662980959776,0.3308270676691729,0.5131086142322098,0.7091469681397738,0.6146341463414634,0.6089556405141491,0.30303030303030304,0.4989604989604989,0.7321237993596584,0.6232258064516129
nb,word,True,1.0,20,"(1, 2)",generic,stem,0.5,0.593662980959776,0.3308270676691729,0.5131086142322098,0.7091469681397738,0.6146341463414634,0.6089556405141491,0.30303030303030304,0.4989604989604989,0.7321237993596584,0.6232258064516129
nb,word,True,1.0,20,"(1, 3)",generic,stem,0.5,0.593662980959776,0.3308270676691729,0.5131086142322098,0.7091469681397738,0.6146341463414634,0.6089556405141491,0.30303030303030304,0.4989604989604989,0.7321237993596584,0.6232258064516129
nb,word,True,0.25,20,"(1, 2)",generic,stem,0.25,0.593423854210777,0.3333333333333333,0.5103189493433397,0.7100103199174406,0.6134146341463415,0.6100381210828972,0.30303030303030304,0.5,0.7334754797441365,0.6245161290322581
nb,word,True,0.25,20,"(1, 3)",generic,stem,0.25,0.593423854210777,0.3333333333333333,0.5103189493433397,0.7100103199174406,0.6134146341463415,0.6100381210828972,0.30303030303030304,0.5,0.7334754797441365,0.6245161290322581
nb,word,True,0.5,20,"(1, 2)",generic,stem,0.25,0.593423854210777,0.3333333333333333,0.5103189493433397,0.7100103199174406,0.6134146341463415,0.6100381210828972,0.30303030303030304,0.5,0.7334754797441365,0.6245161290322581
nb,word,True,0.5,20,"(1, 3)",generic,stem,0.25,0.593423854210777,0.3333333333333333,0.5103189493433397,0.7100103199174406,0.6134146341463415,0.6100381210828972,0.30303030303030304,0.5,0.7334754797441365,0.6245161290322581
nb,word,True,1.0,20,"(1, 2)",generic,stem,0.25,0.593423854210777,0.3333333333333333,0.5103189493433397,0.7100103199174406,0.6134146341463415,0.6100381210828972,0.30303030303030304,0.5,0.7334754797441365,0.6245161290322581
nb,word,True,1.0,20,"(1, 3)",generic,stem,0.25,0.593423854210777,0.3333333333333333,0.5103189493433397,0.7100103199174406,0.6134146341463415,0.6100381210828972,0.30303030303030304,0.5,0.7334754797441365,0.6245161290322581
nb,word,True,0.25,20,"(1, 1)",unique,stem,0.5,0.592883638669352,0.3157894736842105,0.5140712945590995,0.7104722792607804,0.6146341463414634,0.6091070897013171,0.30075187969924816,0.4989604989604989,0.7329059829059829,0.6232258064516129
nb,word,True,0.5,20,"(1, 1)",unique,stem,0.5,0.592883638669352,0.3157894736842105,0.5140712945590995,0.7104722792607804,0.6146341463414634,0.6091070897013171,0.30075187969924816,0.4989604989604989,0.7329059829059829,0.6232258064516129
nb,word,True,1.0,20,"(1, 1)",unique,stem,0.5,0.592883638669352,0.3157894736842105,0.5140712945590995,0.7104722792607804,0.6146341463414634,0.6091070897013171,0.30075187969924816,0.4989604989604989,0.7329059829059829,0.6232258064516129
nb,word,True,0.25,20,"(1, 2)",unique,stem,0.5,0.592883638669352,0.3157894736842105,0.5140712945590995,0.7104722792607804,0.6146341463414634,0.6080237763871347,0.30075187969924816,0.49792531120331945,0.7315508021390374,0.6219354838709678
nb,word,True,0.25,20,"(1, 3)",unique,stem,0.5,0.592883638669352,0.3157894736842105,0.5140712945590995,0.7104722792607804,0.6146341463414634,0.6080237763871347,0.30075187969924816,0.49792531120331945,0.7315508021390374,0.6219354838709678
nb,word,True,0.5,20,"(1, 2)",unique,stem,0.5,0.592883638669352,0.3157894736842105,0.5140712945590995,0.7104722792607804,0.6146341463414634,0.6080237763871347,0.30075187969924816,0.49792531120331945,0.7315508021390374,0.6219354838709678
nb,word,True,0.5,20,"(1, 3)",unique,stem,0.5,0.592883638669352,0.3157894736842105,0.5140712945590995,0.7104722792607804,0.6146341463414634,0.6080237763871347,0.30075187969924816,0.49792531120331945,0.7315508021390374,0.6219354838709678
nb,word,True,1.0,20,"(1, 2)",unique,stem,0.5,0.592883638669352,0.3157894736842105,0.5140712945590995,0.7104722792607804,0.6146341463414634,0.6080237763871347,0.30075187969924816,0.49792531120331945,0.7315508021390374,0.6219354838709678
nb,word,True,1.0,20,"(1, 3)",unique,stem,0.5,0.592883638669352,0.3157894736842105,0.5140712945590995,0.7104722792607804,0.6146341463414634,0.6080237763871347,0.30075187969924816,0.49792531120331945,0.7315508021390374,0.6219354838709678
nb,word,True,0.25,20,"(1, 1)",unique,stem,1.0,0.5922101892922403,0.30769230769230765,0.5149253731343283,0.7104722792607804,0.6146341463414634,0.6091216511146909,0.30303030303030304,0.49792531120331945,0.7329059829059829,0.6232258064516129
nb,word,True,0.5,20,"(1, 1)",unique,stem,1.0,0.5922101892922403,0.30769230769230765,0.5149253731343283,0.7104722792607804,0.6146341463414634,0.6091216511146909,0.30303030303030304,0.49792531120331945,0.7329059829059829,0.6232258064516129
nb,word,True,1.0,20,"(1, 1)",unique,stem,1.0,0.5922101892922403,0.30769230769230765,0.5149253731343283,0.7104722792607804,0.6146341463414634,0.6091216511146909,0.30303030303030304,0.49792531120331945,0.7329059829059829,0.6232258064516129
nb,word,True,0.25,20,"(1, 1)",unique,stem,0.25,0.5910525414158535,0.3111111111111111,0.5111940298507462,0.7100103199174406,0.6121951219512195,0.6082710042401929,0.30075187969924816,0.5,0.7309753483386924,0.6219354838709678
nb,word,True,0.5,20,"(1, 1)",unique,stem,0.25,0.5910525414158535,0.3111111111111111,0.5111940298507462,0.7100103199174406,0.6121951219512195,0.6082710042401929,0.30075187969924816,0.5,0.7309753483386924,0.6219354838709678
nb,word,True,1.0,20,"(1, 1)",unique,stem,0.25,0.5910525414158535,0.3111111111111111,0.5111940298507462,0.7100103199174406,0.6121951219512195,0.6082710042401929,0.30075187969924816,0.5,0.7309753483386924,0.6219354838709678
nb,word,True,0.25,20,"(1, 2)",unique,stem,0.25,0.5910098486860196,0.3111111111111111,0.5121495327102804,0.7092783505154641,0.6121951219512195,0.6069399726224212,0.30075187969924816,0.4968944099378882,0.7301927194860814,0.6206451612903225
nb,word,True,0.25,20,"(1, 3)",unique,stem,0.25,0.5910098486860196,0.3111111111111111,0.5121495327102804,0.7092783505154641,0.6121951219512195,0.6069399726224212,0.30075187969924816,0.4968944099378882,0.7301927194860814,0.6206451612903225
nb,word,True,0.5,20,"(1, 2)",unique,stem,0.25,0.5910098486860196,0.3111111111111111,0.5121495327102804,0.7092783505154641,0.6121951219512195,0.6069399726224212,0.30075187969924816,0.4968944099378882,0.7301927194860814,0.6206451612903225
nb,word,True,0.5,20,"(1, 3)",unique,stem,0.25,0.5910098486860196,0.3111111111111111,0.5121495327102804,0.7092783505154641,0.6121951219512195,0.6069399726224212,0.30075187969924816,0.4968944099378882,0.7301927194860814,0.6206451612903225
nb,word,True,1.0,20,"(1, 2)",unique,stem,0.25,0.5910098486860196,0.3111111111111111,0.5121495327102804,0.7092783505154641,0.6121951219512195,0.6069399726224212,0.30075187969924816,0.4968944099378882,0.7301927194860814,0.6206451612903225
nb,word,True,1.0,20,"(1, 3)",unique,stem,0.25,0.5910098486860196,0.3111111111111111,0.5121495327102804,0.7092783505154641,0.6121951219512195,0.6069399726224212,0.30075187969924816,0.4968944099378882,0.7301927194860814,0.6206451612903225
nb,word,True,0.25,20,"(1, 2)",unique,stem,1.0,0.5908404902596834,0.30769230769230765,0.5121495327102804,0.7097435897435898,0.6134146341463415,0.6102032736604293,0.30303030303030304,0.4989604989604989,0.7342582710779082,0.6245161290322581
nb,word,True,0.25,20,"(1, 3)",unique,stem,1.0,0.5908404902596834,0.30769230769230765,0.5121495327102804,0.7097435897435898,0.6134146341463415,0.6102032736604293,0.30303030303030304,0.4989604989604989,0.7342582710779082,0.6245161290322581
nb,word,True,0.5,20,"(1, 2)",unique,stem,1.0,0.5908404902596834,0.30769230769230765,0.5121495327102804,0.7097435897435898,0.6134146341463415,0.6102032736604293,0.30303030303030304,0.4989604989604989,0.7342582710779082,0.6245161290322581
nb,word,True,0.5,20,"(1, 3)",unique,stem,1.0,0.5908404902596834,0.30769230769230765,0.5121495327102804,0.7097435897435898,0.6134146341463415,0.6102032736604293,0.30303030303030304,0.4989604989604989,0.7342582710779082,0.6245161290322581
nb,word,True,1.0,20,"(1, 2)",unique,stem,1.0,0.5908404902596834,0.30769230769230765,0.5121495327102804,0.7097435897435898,0.6134146341463415,0.6102032736604293,0.30303030303030304,0.4989604989604989,0.7342582710779082,0.6245161290322581
nb,word,True,1.0,20,"(1, 3)",unique,stem,1.0,0.5908404902596834,0.30769230769230765,0.5121495327102804,0.7097435897435898,0.6134146341463415,0.6102032736604293,0.30303030303030304,0.4989604989604989,0.7342582710779082,0.6245161290322581
nb,word,True,0.25,1,"(1, 2)",unique,stem,0.5,0.5788706340964463,0.2542372881355932,0.4591611479028697,0.7352666043030869,0.624390243902439,0.5819460560252293,0.17543859649122806,0.41304347826086957,0.7565543071161048,0.632258064516129
nb,word,True,0.5,1,"(1, 2)",unique,stem,0.5,0.5788706340964463,0.2542372881355932,0.4591611479028697,0.7352666043030869,0.624390243902439,0.5819460560252293,0.17543859649122806,0.41304347826086957,0.7565543071161048,0.632258064516129
nb,word,True,1.0,1,"(1, 2)",unique,stem,0.5,0.5788706340964463,0.2542372881355932,0.4591611479028697,0.7352666043030869,0.624390243902439,0.5819460560252293,0.17543859649122806,0.41304347826086957,0.7565543071161048,0.632258064516129
nb,word,True,0.25,1,"(1, 2)",generic,stem,0.5,0.5788706340964463,0.2542372881355932,0.4591611479028697,0.7352666043030869,0.624390243902439,0.5810510527919944,0.17543859649122806,0.41081081081081083,0.7560975609756098,0.6309677419354839
nb,word,True,0.5,1,"(1, 2)",generic,stem,0.5,0.5788706340964463,0.2542372881355932,0.4591611479028697,0.7352666043030869,0.624390243902439,0.5810510527919944,0.17543859649122806,0.41081081081081083,0.7560975609756098,0.6309677419354839
nb,word,True,1.0,1,"(1, 2)",generic,stem,0.5,0.5788706340964463,0.2542372881355932,0.4591611479028697,0.7352666043030869,0.624390243902439,0.5810510527919944,0.17543859649122806,0.41081081081081083,0.7560975609756098,0.6309677419354839
nb,word,True,0.25,1,"(1, 3)",unique,stem,0.5,0.5637600202821764,0.20869565217391306,0.4404494382022472,0.7296296296296296,0.6146341463414634,0.566885928750149,0.1090909090909091,0.38857142857142857,0.7577981651376148,0.6283870967741936
nb,word,True,0.5,1,"(1, 3)",unique,stem,0.5,0.5637600202821764,0.20869565217391306,0.4404494382022472,0.7296296296296296,0.6146341463414634,0.566885928750149,0.1090909090909091,0.38857142857142857,0.7577981651376148,0.6283870967741936
nb,word,True,1.0,1,"(1, 3)",unique,stem,0.5,0.5637600202821764,0.20869565217391306,0.4404494382022472,0.7296296296296296,0.6146341463414634,0.566885928750149,0.1090909090909091,0.38857142857142857,0.7577981651376148,0.6283870967741936
nb,word,True,0.25,1,"(1, 3)",generic,stem,0.5,0.5637600202821764,0.20869565217391306,0.4404494382022472,0.7296296296296296,0.6146341463414634,0.5624479177911934,0.09174311926605505,0.3839541547277937,0.7564102564102565,0.6258064516129033
nb,word,True,0.5,1,"(1, 3)",generic,stem,0.5,0.5637600202821764,0.20869565217391306,0.4404494382022472,0.7296296296296296,0.6146341463414634,0.5624479177911934,0.09174311926605505,0.3839541547277937,0.7564102564102565,0.6258064516129033
nb,word,True,1.0,1,"(1, 3)",generic,stem,0.5,0.5637600202821764,0.20869565217391306,0.4404494382022472,0.7296296296296296,0.6146341463414634,0.5624479177911934,0.09174311926605505,0.3839541547277937,0.7564102564102565,0.6258064516129033
nb,word,True,0.25,1,"(1, 1)",generic,stem,1.0,0.5620082135578472,0.19469026548672566,0.4373576309794988,0.7316176470588235,0.6158536585365854,0.5773431607696387,0.12612612612612611,0.4155124653739612,0.7588126159554731,0.6335483870967742
nb,word,True,0.25,1,"(1, 1)",unique,stem,1.0,0.5620082135578472,0.19469026548672566,0.4373576309794988,0.7316176470588235,0.6158536585365854,0.5773431607696387,0.12612612612612611,0.4155124653739612,0.7588126159554731,0.6335483870967742
nb,word,True,0.5,1,"(1, 1)",generic,stem,1.0,0.5620082135578472,0.19469026548672566,0.4373576309794988,0.7316176470588235,0.6158536585365854,0.5773431607696387,0.12612612612612611,0.4155124653739612,0.7588126159554731,0.6335483870967742
nb,word,True,0.5,1,"(1, 1)",unique,stem,1.0,0.5620082135578472,0.19469026548672566,0.4373576309794988,0.7316176470588235,0.6158536585365854,0.5773431607696387,0.12612612612612611,0.4155124653739612,0.7588126159554731,0.6335483870967742
nb,word,True,1.0,1,"(1, 1)",generic,stem,1.0,0.5620082135578472,0.19469026548672566,0.4373576309794988,0.7316176470588235,0.6158536585365854,0.5773431607696387,0.12612612612612611,0.4155124653739612,0.7588126159554731,0.6335483870967742
nb,word,True,1.0,1,"(1, 1)",unique,stem,1.0,0.5620082135578472,0.19469026548672566,0.4373576309794988,0.7316176470588235,0.6158536585365854,0.5773431607696387,0.12612612612612611,0.4155124653739612,0.7588126159554731,0.6335483870967742
nb,word,True,0.25,1,"(1, 2)",generic,stem,1.0,0.5129521830017253,0.05714285714285715,0.3672456575682382,0.7173144876325088,0.5890243902439024,0.5455477646921529,0.05607476635514019,0.34862385321100914,0.7526881720430109,0.6193548387096774
nb,word,True,0.25,1,"(1, 2)",unique,stem,1.0,0.5129521830017253,0.05714285714285715,0.3672456575682382,0.7173144876325088,0.5890243902439024,0.5455477646921529,0.05607476635514019,0.34862385321100914,0.7526881720430109,0.6193548387096774
nb,word,True,0.5,1,"(1, 2)",generic,stem,1.0,0.5129521830017253,0.05714285714285715,0.3672456575682382,0.7173144876325088,0.5890243902439024,0.5455477646921529,0.05607476635514019,0.34862385321100914,0.7526881720430109,0.6193548387096774
nb,word,True,0.5,1,"(1, 2)",unique,stem,1.0,0.5129521830017253,0.05714285714285715,0.3672456575682382,0.7173144876325088,0.5890243902439024,0.5455477646921529,0.05607476635514019,0.34862385321100914,0.7526881720430109,0.6193548387096774
nb,word,True,1.0,1,"(1, 2)",generic,stem,1.0,0.5129521830017253,0.05714285714285715,0.3672456575682382,0.7173144876325088,0.5890243902439024,0.5455477646921529,0.05607476635514019,0.34862385321100914,0.7526881720430109,0.6193548387096774
nb,word,True,1.0,1,"(1, 2)",unique,stem,1.0,0.5129521830017253,0.05714285714285715,0.3672456575682382,0.7173144876325088,0.5890243902439024,0.5455477646921529,0.05607476635514019,0.34862385321100914,0.7526881720430109,0.6193548387096774
nb,word,True,0.25,1,"(1, 3)",generic,stem,1.0,0.5122732649504502,0.01941747572815534,0.37593984962406013,0.718804920913884,0.5914634146341463,0.5262121163878084,0.03773584905660378,0.3051948051948052,0.7447183098591549,0.6090322580645161
nb,word,True,0.25,1,"(1, 3)",unique,stem,1.0,0.5122732649504502,0.01941747572815534,0.37593984962406013,0.718804920913884,0.5914634146341463,0.5262121163878084,0.03773584905660378,0.3051948051948052,0.7447183098591549,0.6090322580645161
nb,word,True,0.5,1,"(1, 3)",generic,stem,1.0,0.5122732649504502,0.01941747572815534,0.37593984962406013,0.718804920913884,0.5914634146341463,0.5262121163878084,0.03773584905660378,0.3051948051948052,0.7447183098591549,0.6090322580645161
nb,word,True,0.5,1,"(1, 3)",unique,stem,1.0,0.5122732649504502,0.01941747572815534,0.37593984962406013,0.718804920913884,0.5914634146341463,0.5262121163878084,0.03773584905660378,0.3051948051948052,0.7447183098591549,0.6090322580645161
nb,word,True,1.0,1,"(1, 3)",generic,stem,1.0,0.5122732649504502,0.01941747572815534,0.37593984962406013,0.718804920913884,0.5914634146341463,0.5262121163878084,0.03773584905660378,0.3051948051948052,0.7447183098591549,0.6090322580645161
nb,word,True,1.0,1,"(1, 3)",unique,stem,1.0,0.5122732649504502,0.01941747572815534,0.37593984962406013,0.718804920913884,0.5914634146341463,0.5262121163878084,0.03773584905660378,0.3051948051948052,0.7447183098591549,0.6090322580645161
